<?xml version="1.0"?>
<Tree ID="1" threshold="-0.997543395">
	<xNode ID="8" leftFit="-0.513909221" rightFit="-0.979166687" threshold1="116" threshold2="138" featID="69930" />
	<xNode ID="17" leftFit="-1" rightFit="-0.908794761" threshold1="113" threshold2="152" featID="49596" />
	<xNode ID="4" leftFit="-0.88490063" rightFit="0.178852648" threshold1="1" threshold2="128" featID="8563" />
	<xNode ID="2" leftFit="-0.662910819" rightFit="0.909106314" threshold1="0" threshold2="117" featID="7039" />
	<xNode ID="10" leftFit="0.0271604937" rightFit="0.978682876" threshold1="98" threshold2="198" featID="49064" />
	<xNode ID="42" leftFit="0.851917922" rightFit="0.996814668" threshold1="69" threshold2="175" featID="25659" />
	<xNode ID="85" leftFit="0.942004979" rightFit="0.999006212" threshold1="105" threshold2="165" featID="54659" />
	<xNode ID="171" leftFit="0.999930382" rightFit="0.980926454" threshold1="124" threshold2="132" featID="72903" />
	<xNode ID="21" leftFit="0.991819143" rightFit="0.580615103" threshold1="0" threshold2="129" featID="18732" />
	<xNode ID="5" leftFit="0.956276536" rightFit="-0.604477584" threshold1="0" threshold2="114" featID="4012" />
	<xNode ID="1" leftFit="0.74054873" rightFit="-0.730618298" threshold1="0" threshold2="146" featID="11910" />
	<xNode ID="48" leftFit="-1" rightFit="-0.947368443" threshold1="91" threshold2="168" featID="29923" />
	<xNode ID="24" leftFit="-0.982281268" rightFit="-0.541364312" threshold1="103" threshold2="174" featID="48354" />
	<xNode ID="12" leftFit="-0.860521019" rightFit="0.257259309" threshold1="108" threshold2="150" featID="49595" />
	<xNode ID="25" leftFit="-0.423809528" rightFit="0.766696334" threshold1="114" threshold2="173" featID="10969" />
	<xNode ID="6" leftFit="-0.368326604" rightFit="-0.94936049" threshold1="116" threshold2="137" featID="14820" />
	<xNode ID="208" leftFit="-0.915171266" rightFit="-1" threshold1="117" threshold2="141" featID="69648" />
	<xNode ID="104" leftFit="-0.975598335" rightFit="-0.508571446" threshold1="120" threshold2="152" featID="52467" />
	<xNode ID="52" leftFit="-0.860120118" rightFit="-0.991872728" threshold1="107" threshold2="140" featID="79590" />
	<xNode ID="210" leftFit="-0.997543395" rightFit="-0.923990488" threshold1="133" threshold2="136" featID="4532" />
	<xNode ID="105" leftFit="-0.995092213" rightFit="-0.892551899" threshold1="62" threshold2="98" featID="67398" />
	<xNode ID="26" leftFit="-0.978973567" rightFit="-0.592944384" threshold1="141" threshold2="204" featID="11908" />
	<xNode ID="13" leftFit="-0.969379127" rightFit="-0.352763832" threshold1="143" threshold2="241" featID="11909" />
	<xNode ID="3" leftFit="-0.875576854" rightFit="0.254841208" threshold1="151" threshold2="254" featID="11545" />
	<xNode ID="14" leftFit="-0.991735518" rightFit="-0.329639882" threshold1="101" threshold2="171" featID="48814" />
	<xNode ID="7" leftFit="-0.708875716" rightFit="0.723661482" threshold1="0" threshold2="111" featID="8176" />
	<xNode ID="15" leftFit="-0.0848329067" rightFit="0.956973314" threshold1="113" threshold2="134" featID="3574" />
	<xNode ID="31" leftFit="0.898423791" rightFit="1" threshold1="0" threshold2="107" featID="51126" />
</Tree>
<Tree ID="2" threshold="-1.99408555">
	<xNode ID="8" leftFit="-0.269013017" rightFit="0.866161406" threshold1="106" threshold2="164" featID="48083" />
	<xNode ID="34" leftFit="0.948886156" rightFit="1" threshold1="119" threshold2="139" featID="79519" />
	<xNode ID="17" leftFit="0.978848279" rightFit="0.582288384" threshold1="119" threshold2="157" featID="77970" />
	<xNode ID="4" leftFit="0.645081341" rightFit="-0.601476729" threshold1="123" threshold2="135" featID="40460" />
	<xNode ID="9" leftFit="-0.0176593903" rightFit="-0.920681536" threshold1="123" threshold2="131" featID="39897" />
	<xNode ID="19" leftFit="-1" rightFit="-0.8112275" threshold1="122" threshold2="236" featID="18593" />
	<xNode ID="2" leftFit="0.177726015" rightFit="-0.887325227" threshold1="112" threshold2="143" featID="79590" />
	<xNode ID="10" leftFit="-0.651644826" rightFit="-0.976520121" threshold1="102" threshold2="172" featID="14820" />
	<xNode ID="168" leftFit="-0.996542215" rightFit="-0.923486233" threshold1="161" threshold2="235" featID="29399" />
	<xNode ID="84" leftFit="-0.993534863" rightFit="-0.866273463" threshold1="139" threshold2="212" featID="75886" />
	<xNode ID="42" leftFit="-0.99030596" rightFit="-0.82516259" threshold1="156" threshold2="197" featID="76875" />
	<xNode ID="21" leftFit="-0.985706806" rightFit="-0.76560992" threshold1="24" threshold2="110" featID="1199" />
	<xNode ID="5" leftFit="-0.962036371" rightFit="-0.513170421" threshold1="139" threshold2="254" featID="75887" />
	<xNode ID="22" leftFit="-0.674127638" rightFit="-0.983275056" threshold1="120" threshold2="145" featID="50880" />
	<xNode ID="45" leftFit="-1" rightFit="-0.923029304" threshold1="97" threshold2="136" featID="73953" />
	<xNode ID="11" leftFit="-0.921829104" rightFit="0.2289536" threshold1="92" threshold2="135" featID="62894" />
	<xNode ID="23" leftFit="0.71890372" rightFit="-0.695557415" threshold1="0" threshold2="136" featID="77388" />
	<xNode ID="1" leftFit="-0.696547925" rightFit="0.71963948" threshold1="0" threshold2="108" featID="406" />
	<xNode ID="6" leftFit="0.123834401" rightFit="-0.880450308" threshold1="110" threshold2="151" featID="76560" />
	<xNode ID="13" leftFit="-0.568354666" rightFit="-0.973637581" threshold1="119" threshold2="138" featID="40460" />
	<xNode ID="27" leftFit="-1" rightFit="-0.884175599" threshold1="110" threshold2="144" featID="12798" />
	<xNode ID="3" leftFit="-0.679022849" rightFit="0.897378325" threshold1="0" threshold2="112" featID="8176" />
	<xNode ID="14" leftFit="0.16287303" rightFit="0.977692723" threshold1="97" threshold2="188" featID="43646" />
	<xNode ID="29" leftFit="0.576470077" rightFit="0.992118657" threshold1="92" threshold2="169" featID="11284" />
	<xNode ID="59" leftFit="0.841997147" rightFit="0.997760773" threshold1="112" threshold2="141" featID="3574" />
	<xNode ID="119" leftFit="0.946969569" rightFit="0.999677777" threshold1="91" threshold2="154" featID="66327" />
	<xNode ID="239" leftFit="1" rightFit="0.991443038" threshold1="121" threshold2="127" featID="79107" />
	<xNode ID="7" leftFit="0.949718773" rightFit="-0.644122124" threshold1="0" threshold2="128" featID="3586" />
</Tree>
<Tree ID="3" threshold="-2.71822739">
	<xNode ID="8" leftFit="-0.780256152" rightFit="0.612049758" threshold1="120" threshold2="151" featID="54619" />
	<xNode ID="4" leftFit="-0.109629758" rightFit="-0.925360024" threshold1="96" threshold2="154" featID="55490" />
	<xNode ID="18" leftFit="0.13748011" rightFit="-0.868872821" threshold1="97" threshold2="162" featID="21830" />
	<xNode ID="9" leftFit="-0.593283057" rightFit="-0.96496141" threshold1="102" threshold2="161" featID="28440" />
	<xNode ID="19" leftFit="-0.711661696" rightFit="-0.978312731" threshold1="90" threshold2="146" featID="55929" />
	<xNode ID="39" leftFit="-0.825563073" rightFit="-0.986339748" threshold1="49" threshold2="157" featID="78980" />
	<xNode ID="158" leftFit="-0.929409266" rightFit="-0.996546209" threshold1="111" threshold2="188" featID="63147" />
	<xNode ID="79" leftFit="-0.992377996" rightFit="-0.885946453" threshold1="125" threshold2="144" featID="12552" />
	<xNode ID="2" leftFit="-0.848288238" rightFit="0.309126168" threshold1="157" threshold2="254" featID="54602" />
	<xNode ID="10" leftFit="-1" rightFit="-0.38548395" threshold1="94" threshold2="158" featID="54619" />
	<xNode ID="5" leftFit="-0.719255269" rightFit="0.847823024" threshold1="149" threshold2="254" featID="49668" />
	<xNode ID="11" leftFit="0.344314426" rightFit="0.98473233" threshold1="119" threshold2="143" featID="48444" />
	<xNode ID="23" leftFit="1" rightFit="0.93667233" threshold1="105" threshold2="148" featID="79689" />
	<xNode ID="1" leftFit="-0.67328006" rightFit="0.618062317" threshold1="121" threshold2="156" featID="11445" />
	<xNode ID="12" leftFit="0.693325162" rightFit="-0.834814906" threshold1="0" threshold2="158" featID="18732" />
	<xNode ID="6" leftFit="-0.315193266" rightFit="0.948321283" threshold1="111" threshold2="137" featID="3574" />
	<xNode ID="13" leftFit="-0.0118350536" rightFit="0.97505784" threshold1="115" threshold2="184" featID="11308" />
	<xNode ID="54" leftFit="0.734052062" rightFit="0.994159162" threshold1="125" threshold2="210" featID="77404" />
	<xNode ID="218" leftFit="0.999905467" rightFit="0.948370874" threshold1="109" threshold2="127" featID="12148" />
	<xNode ID="109" leftFit="0.998629332" rightFit="0.821372032" threshold1="114" threshold2="131" featID="3233" />
	<xNode ID="27" leftFit="0.98783803" rightFit="0.480523437" threshold1="13" threshold2="111" featID="50088" />
	<xNode ID="3" leftFit="0.851883173" rightFit="-0.372166604" threshold1="0" threshold2="133" featID="4339" />
	<xNode ID="14" leftFit="-0.0411633998" rightFit="-0.867931128" threshold1="114" threshold2="142" featID="7410" />
	<xNode ID="29" leftFit="-0.475893348" rightFit="-0.943778753" threshold1="54" threshold2="139" featID="74853" />
	<xNode ID="59" leftFit="-0.785685062" rightFit="-0.990878642" threshold1="116" threshold2="132" featID="77970" />
	<xNode ID="119" leftFit="-1" rightFit="-0.950183272" threshold1="129" threshold2="141" featID="3739" />
	<xNode ID="7" leftFit="-0.727111459" rightFit="0.501598358" threshold1="139" threshold2="254" featID="4343" />
	<xNode ID="15" leftFit="-0.179050475" rightFit="0.891397297" threshold1="141" threshold2="254" featID="21150" />
	<xNode ID="31" leftFit="0.769131184" rightFit="1" threshold1="108" threshold2="133" featID="19516" />
</Tree>
<Tree ID="4" threshold="-3.56707644">
	<xNode ID="8" leftFit="-0.906220794" rightFit="0.557593346" threshold1="97" threshold2="145" featID="43234" />
	<xNode ID="17" leftFit="0.19529745" rightFit="0.99259907" threshold1="108" threshold2="158" featID="10996" />
	<xNode ID="4" leftFit="-0.148299813" rightFit="-0.918672264" threshold1="94" threshold2="162" featID="45870" />
	<xNode ID="18" leftFit="-0.903262913" rightFit="0.240052804" threshold1="91" threshold2="145" featID="71981" />
	<xNode ID="9" leftFit="-0.509454429" rightFit="-0.953225255" threshold1="81" threshold2="161" featID="77970" />
	<xNode ID="38" leftFit="-0.853901029" rightFit="-0.986997247" threshold1="107" threshold2="148" featID="46389" />
	<xNode ID="154" leftFit="-0.959048212" rightFit="-0.99880749" threshold1="103" threshold2="153" featID="7410" />
	<xNode ID="77" leftFit="-0.992893994" rightFit="-0.89154464" threshold1="117" threshold2="152" featID="12432" />
	<xNode ID="19" leftFit="-0.973251045" rightFit="-0.727579772" threshold1="121" threshold2="148" featID="11694" />
	<xNode ID="2" leftFit="-0.850975573" rightFit="0.285714537" threshold1="163" threshold2="254" featID="44822" />
	<xNode ID="5" leftFit="-0.729918659" rightFit="0.826663077" threshold1="102" threshold2="138" featID="43773" />
	<xNode ID="22" leftFit="1" rightFit="0.951144278" threshold1="122" threshold2="141" featID="79682" />
	<xNode ID="11" leftFit="0.988432348" rightFit="0.291991144" threshold1="0" threshold2="157" featID="31603" />
	<xNode ID="1" leftFit="-0.691063821" rightFit="0.613023579" threshold1="120" threshold2="159" featID="12066" />
	<xNode ID="12" leftFit="-0.125116602" rightFit="-0.901380479" threshold1="100" threshold2="142" featID="77970" />
	<xNode ID="50" leftFit="-1" rightFit="-0.925341606" threshold1="113" threshold2="171" featID="50252" />
	<xNode ID="25" leftFit="-0.97444731" rightFit="-0.654132366" threshold1="129" threshold2="165" featID="47788" />
	<xNode ID="6" leftFit="-0.7752105" rightFit="0.561649919" threshold1="1" threshold2="75" featID="14469" />
	<xNode ID="13" leftFit="0.112067066" rightFit="0.995780587" threshold1="191" threshold2="249" featID="3563" />
	<xNode ID="3" leftFit="-0.491417408" rightFit="0.83118242" threshold1="114" threshold2="136" featID="4353" />
	<xNode ID="14" leftFit="-0.112951659" rightFit="0.965925515" threshold1="112" threshold2="185" featID="4615" />
	<xNode ID="58" leftFit="0.567903459" rightFit="0.994145691" threshold1="125" threshold2="246" featID="77404" />
	<xNode ID="117" leftFit="0.790002584" rightFit="0.998690307" threshold1="102" threshold2="254" featID="44790" />
	<xNode ID="235" leftFit="0.999860168" rightFit="0.942237914" threshold1="122" threshold2="147" featID="406" />
	<xNode ID="29" leftFit="0.984862864" rightFit="0.353494883" threshold1="127" threshold2="128" featID="39897" />
	<xNode ID="7" leftFit="0.935016811" rightFit="-0.0320751965" threshold1="120" threshold2="143" featID="8176" />
	<xNode ID="30" leftFit="1" rightFit="0.572438836" threshold1="103" threshold2="200" featID="21491" />
	<xNode ID="15" leftFit="0.8154248" rightFit="-0.586735666" threshold1="114" threshold2="140" featID="6649" />
	<xNode ID="31" leftFit="0.0515981726" rightFit="-0.881675243" threshold1="121" threshold2="236" featID="75243" />
</Tree>
<Tree ID="5" threshold="-2.53069782">
	<xNode ID="4" leftFit="-0.754972398" rightFit="0.687599897" threshold1="100" threshold2="144" featID="72068" />
	<xNode ID="18" leftFit="0.757409275" rightFit="0.98915261" threshold1="97" threshold2="186" featID="67299" />
	<xNode ID="9" leftFit="0.935425162" rightFit="-0.0610365458" threshold1="117" threshold2="161" featID="78980" />
	<xNode ID="2" leftFit="0.101068825" rightFit="-0.840733826" threshold1="96" threshold2="162" featID="74750" />
	<xNode ID="10" leftFit="-0.864933014" rightFit="0.432328224" threshold1="106" threshold2="137" featID="48193" />
	<xNode ID="5" leftFit="-0.224762544" rightFit="-0.931815326" threshold1="95" threshold2="158" featID="34650" />
	<xNode ID="44" leftFit="-0.787115991" rightFit="-0.989846766" threshold1="28" threshold2="181" featID="62966" />
	<xNode ID="178" leftFit="-0.999485314" rightFit="-0.962322235" threshold1="123" threshold2="132" featID="49704" />
	<xNode ID="89" leftFit="-0.997204006" rightFit="-0.92462182" threshold1="120" threshold2="135" featID="5250" />
	<xNode ID="179" leftFit="-0.999329805" rightFit="-0.817465127" threshold1="100" threshold2="184" featID="18940" />
	<xNode ID="22" leftFit="-0.979408383" rightFit="-0.664507449" threshold1="129" threshold2="136" featID="4100" />
	<xNode ID="11" leftFit="-0.966245294" rightFit="-0.357105851" threshold1="18" threshold2="98" featID="32829" />
	<xNode ID="1" leftFit="-0.697290361" rightFit="0.419156432" threshold1="118" threshold2="143" featID="51853" />
	<xNode ID="24" leftFit="-0.780035079" rightFit="-0.997563243" threshold1="120" threshold2="248" featID="21896" />
	<xNode ID="12" leftFit="-0.910456955" rightFit="0.166357934" threshold1="125" threshold2="151" featID="54620" />
	<xNode ID="6" leftFit="-0.536408901" rightFit="0.839980006" threshold1="111" threshold2="158" featID="56599" />
	<xNode ID="13" leftFit="-0.445578218" rightFit="0.892199993" threshold1="97" threshold2="188" featID="56660" />
	<xNode ID="27" leftFit="0.0258211736" rightFit="0.927852154" threshold1="117" threshold2="218" featID="77404" />
	<xNode ID="55" leftFit="-0.00564859062" rightFit="0.949411511" threshold1="104" threshold2="248" featID="56979" />
	<xNode ID="222" leftFit="0.437218666" rightFit="0.979011178" threshold1="99" threshold2="188" featID="73265" />
	<xNode ID="111" leftFit="0.967599452" rightFit="0.452453583" threshold1="125" threshold2="128" featID="73017" />
	<xNode ID="3" leftFit="0.732280076" rightFit="-0.559702814" threshold1="125" threshold2="129" featID="55047" />
	<xNode ID="14" leftFit="-0.256996244" rightFit="0.902812123" threshold1="117" threshold2="136" featID="60513" />
	<xNode ID="29" leftFit="0.604170442" rightFit="0.992864966" threshold1="113" threshold2="137" featID="17457" />
	<xNode ID="7" leftFit="0.668029904" rightFit="-0.896141231" threshold1="117" threshold2="136" featID="55049" />
	<xNode ID="15" leftFit="-0.176613092" rightFit="-0.974004507" threshold1="125" threshold2="131" featID="55269" />
	<xNode ID="62" leftFit="-0.966845691" rightFit="-0.999714911" threshold1="125" threshold2="140" featID="58064" />
	<xNode ID="125" leftFit="-1" rightFit="-0.99614197" threshold1="127" threshold2="128" featID="72005" />
	<xNode ID="31" leftFit="-0.997003317" rightFit="-0.712877333" threshold1="144" threshold2="158" featID="43370" />
</Tree>
<Tree ID="6" threshold="-1.48930764">
	<xNode ID="16" leftFit="0.555182993" rightFit="-0.829647481" threshold1="95" threshold2="158" featID="63510" />
	<xNode ID="8" leftFit="-0.419461995" rightFit="-0.954833329" threshold1="87" threshold2="151" featID="72540" />
	<xNode ID="136" leftFit="-1" rightFit="-0.994403481" threshold1="153" threshold2="214" featID="65407" />
	<xNode ID="68" leftFit="-0.999128819" rightFit="-0.95666784" threshold1="128" threshold2="152" featID="49538" />
	<xNode ID="34" leftFit="-0.993287265" rightFit="-0.852637887" threshold1="165" threshold2="245" featID="48930" />
	<xNode ID="17" leftFit="-0.980573237" rightFit="-0.659127414" threshold1="124" threshold2="128" featID="2004" />
	<xNode ID="4" leftFit="-0.898463726" rightFit="0.537964523" threshold1="2" threshold2="48" featID="46393" />
	<xNode ID="2" leftFit="-0.830109417" rightFit="0.379793972" threshold1="125" threshold2="131" featID="59919" />
	<xNode ID="5" leftFit="0.797135651" rightFit="-0.502201498" threshold1="109" threshold2="138" featID="31596" />
	<xNode ID="1" leftFit="-0.666666985" rightFit="0.355410159" threshold1="115" threshold2="149" featID="60709" />
	<xNode ID="24" leftFit="0.92729497" rightFit="-0.171221212" threshold1="52" threshold2="145" featID="34318" />
	<xNode ID="12" leftFit="0.570201099" rightFit="-0.782308757" threshold1="96" threshold2="174" featID="50883" />
	<xNode ID="6" leftFit="-0.199916467" rightFit="0.874035895" threshold1="116" threshold2="155" featID="54843" />
	<xNode ID="13" leftFit="0.0758353621" rightFit="0.931246161" threshold1="110" threshold2="254" featID="48894" />
	<xNode ID="27" leftFit="0.0782457292" rightFit="0.955256045" threshold1="105" threshold2="191" featID="62799" />
	<xNode ID="55" leftFit="0.53274864" rightFit="0.977643013" threshold1="35" threshold2="175" featID="26103" />
	<xNode ID="222" leftFit="0.989915431" rightFit="0.654334128" threshold1="132" threshold2="137" featID="62229" />
	<xNode ID="111" leftFit="0.982780695" rightFit="0.375001192" threshold1="73" threshold2="82" featID="78049" />
	<xNode ID="3" leftFit="0.721943676" rightFit="-0.365058392" threshold1="117" threshold2="135" featID="62967" />
	<xNode ID="14" leftFit="-0.572897851" rightFit="0.825623333" threshold1="117" threshold2="149" featID="54679" />
	<xNode ID="29" leftFit="-0.170086205" rightFit="0.939015746" threshold1="75" threshold2="163" featID="25793" />
	<xNode ID="59" leftFit="0.417075068" rightFit="0.989802778" threshold1="107" threshold2="200" featID="72169" />
	<xNode ID="119" leftFit="1" rightFit="0.773977697" threshold1="56" threshold2="94" featID="8284" />
	<xNode ID="7" leftFit="0.418237686" rightFit="-0.805100858" threshold1="123" threshold2="134" featID="64047" />
	<xNode ID="15" leftFit="0.697606444" rightFit="-0.898544252" threshold1="106" threshold2="140" featID="63511" />
	<xNode ID="124" leftFit="-0.985268116" rightFit="-0.999868393" threshold1="126" threshold2="144" featID="78672" />
	<xNode ID="62" leftFit="-0.996115267" rightFit="-0.888575435" threshold1="133" threshold2="184" featID="3425" />
	<xNode ID="31" leftFit="-0.97745651" rightFit="-0.430424482" threshold1="132" threshold2="147" featID="3831" />
</Tree>
