<?xml version="1.0"?>
<Tree ID="1" threshold="-0.995981276">
	<xNode ID="8" leftFit="-0.130243286" rightFit="-0.944223702" threshold1="123" threshold2="132" featID="59700" />
	<xNode ID="4" leftFit="-0.587084413" rightFit="0.709407032" threshold1="103" threshold2="146" featID="4353" />
	<xNode ID="36" leftFit="0.983849108" rightFit="1" threshold1="80" threshold2="138" featID="29905" />
	<xNode ID="18" leftFit="0.992026508" rightFit="0.73586446" threshold1="97" threshold2="182" featID="28440" />
	<xNode ID="9" leftFit="0.910573065" rightFit="-0.0231078584" threshold1="115" threshold2="147" featID="21830" />
	<xNode ID="2" leftFit="0.290695399" rightFit="-0.893199265" threshold1="109" threshold2="149" featID="7410" />
	<xNode ID="40" leftFit="-0.640291035" rightFit="-0.989708543" threshold1="125" threshold2="135" featID="40460" />
	<xNode ID="20" leftFit="-0.862536907" rightFit="0.0646710917" threshold1="110" threshold2="145" featID="56938" />
	<xNode ID="10" leftFit="-0.542820215" rightFit="-0.964042306" threshold1="108" threshold2="147" featID="79590" />
	<xNode ID="168" leftFit="-1" rightFit="-0.756915569" threshold1="110" threshold2="194" featID="49782" />
	<xNode ID="84" leftFit="-0.900501192" rightFit="-0.992521703" threshold1="102" threshold2="149" featID="32829" />
	<xNode ID="169" leftFit="-0.903053105" rightFit="-0.995265305" threshold1="95" threshold2="202" featID="63510" />
	<xNode ID="42" leftFit="-0.986691475" rightFit="-0.838724852" threshold1="147" threshold2="251" featID="77456" />
	<xNode ID="170" leftFit="-1" rightFit="-0.991967976" threshold1="7" threshold2="170" featID="59849" />
	<xNode ID="85" leftFit="-0.996171057" rightFit="-0.535630524" threshold1="101" threshold2="158" featID="57151" />
	<xNode ID="21" leftFit="-0.975804865" rightFit="-0.662176013" threshold1="18" threshold2="114" featID="8928" />
	<xNode ID="5" leftFit="-0.924354255" rightFit="0.204550922" threshold1="1" threshold2="106" featID="8552" />
	<xNode ID="1" leftFit="-0.727060378" rightFit="0.715203941" threshold1="0" threshold2="111" featID="8175" />
	<xNode ID="6" leftFit="-0.542172611" rightFit="0.963810205" threshold1="0" threshold2="127" featID="427" />
	<xNode ID="13" leftFit="0.280120075" rightFit="0.981412411" threshold1="93" threshold2="194" featID="48584" />
	<xNode ID="54" leftFit="0.827955246" rightFit="0.996464074" threshold1="0" threshold2="123" featID="22576" />
	<xNode ID="109" leftFit="0.926604748" rightFit="0.998820901" threshold1="1" threshold2="127" featID="446" />
	<xNode ID="219" leftFit="0.973009169" rightFit="0.999695241" threshold1="119" threshold2="201" featID="77334" />
	<xNode ID="27" leftFit="0.991267025" rightFit="0.6400159" threshold1="1" threshold2="110" featID="3296" />
	<xNode ID="3" leftFit="0.907110572" rightFit="-0.679643989" threshold1="0" threshold2="133" featID="3586" />
	<xNode ID="7" leftFit="0.248755947" rightFit="-0.890125871" threshold1="102" threshold2="156" featID="14820" />
	<xNode ID="15" leftFit="-0.525448561" rightFit="-0.971939802" threshold1="117" threshold2="146" featID="63510" />
	<xNode ID="31" leftFit="-0.874922335" rightFit="-0.998944998" threshold1="1" threshold2="120" featID="3193" />
	<xNode ID="63" leftFit="-1" rightFit="-0.995981276" threshold1="5" threshold2="88" featID="19949" />
</Tree>
<Tree ID="2" threshold="-1.76441026">
	<xNode ID="4" leftFit="0.545752525" rightFit="-0.813521326" threshold1="96" threshold2="156" featID="74750" />
	<xNode ID="36" leftFit="-1" rightFit="-0.982406855" threshold1="112" threshold2="152" featID="20007" />
	<xNode ID="18" leftFit="-0.996679723" rightFit="-0.772420764" threshold1="94" threshold2="226" featID="43105" />
	<xNode ID="9" leftFit="-0.954304934" rightFit="-0.189945161" threshold1="107" threshold2="184" featID="44180" />
	<xNode ID="2" leftFit="-0.553066492" rightFit="0.815398812" threshold1="98" threshold2="191" featID="43373" />
	<xNode ID="10" leftFit="0.503665209" rightFit="-0.769145012" threshold1="108" threshold2="142" featID="77970" />
	<xNode ID="5" leftFit="-0.254071951" rightFit="0.897598863" threshold1="93" threshold2="185" featID="54530" />
	<xNode ID="11" leftFit="-0.0996196792" rightFit="0.93309176" threshold1="41" threshold2="150" featID="37934" />
	<xNode ID="23" leftFit="0.226527855" rightFit="0.953215778" threshold1="81" threshold2="172" featID="62875" />
	<xNode ID="94" leftFit="0.692974806" rightFit="0.98477459" threshold1="110" threshold2="157" featID="52089" />
	<xNode ID="189" leftFit="0.815227389" rightFit="0.991121411" threshold1="57" threshold2="172" featID="25717" />
	<xNode ID="47" leftFit="0.974503994" rightFit="0.576115608" threshold1="124" threshold2="131" featID="72178" />
	<xNode ID="1" leftFit="0.605514526" rightFit="-0.680944264" threshold1="119" threshold2="135" featID="40460" />
	<xNode ID="12" leftFit="-0.985289216" rightFit="-0.39689067" threshold1="115" threshold2="228" featID="47809" />
	<xNode ID="6" leftFit="-0.715432465" rightFit="0.707251966" threshold1="102" threshold2="163" featID="43664" />
	<xNode ID="13" leftFit="-0.0451517776" rightFit="0.892046988" threshold1="80" threshold2="138" featID="25289" />
	<xNode ID="54" leftFit="0.942456961" rightFit="1" threshold1="116" threshold2="146" featID="44665" />
	<xNode ID="27" leftFit="0.980717838" rightFit="0.64896065" threshold1="117" threshold2="211" featID="75243" />
	<xNode ID="3" leftFit="0.292391419" rightFit="-0.885057867" threshold1="116" threshold2="139" featID="39897" />
	<xNode ID="14" leftFit="-0.816604197" rightFit="0.517086565" threshold1="121" threshold2="153" featID="49822" />
	<xNode ID="7" leftFit="-0.190160051" rightFit="-0.949507952" threshold1="115" threshold2="138" featID="41019" />
	<xNode ID="15" leftFit="-0.327267706" rightFit="-0.96755439" threshold1="115" threshold2="140" featID="40179" />
	<xNode ID="31" leftFit="-0.657485366" rightFit="-0.982318938" threshold1="119" threshold2="139" featID="41297" />
	<xNode ID="252" leftFit="-0.933011413" rightFit="-0.998568892" threshold1="105" threshold2="172" featID="74750" />
	<xNode ID="126" leftFit="-0.995191157" rightFit="-0.878289163" threshold1="137" threshold2="144" featID="4498" />
	<xNode ID="63" leftFit="-0.989483297" rightFit="-0.757679045" threshold1="28" threshold2="101" featID="33441" />
</Tree>
<Tree ID="3" threshold="-2.28090429">
	<xNode ID="8" leftFit="0.107889034" rightFit="-0.888748407" threshold1="112" threshold2="142" featID="28440" />
	<xNode ID="4" leftFit="-0.510186553" rightFit="0.775705338" threshold1="96" threshold2="143" featID="70775" />
	<xNode ID="18" leftFit="0.763285577" rightFit="0.995493054" threshold1="92" threshold2="159" featID="68102" />
	<xNode ID="37" leftFit="1" rightFit="0.97058475" threshold1="149" threshold2="205" featID="72205" />
	<xNode ID="9" leftFit="0.949455619" rightFit="0.20709689" threshold1="102" threshold2="153" featID="69930" />
	<xNode ID="2" leftFit="0.351154476" rightFit="-0.801981568" threshold1="100" threshold2="153" featID="72540" />
	<xNode ID="10" leftFit="-0.815576971" rightFit="0.700847745" threshold1="0" threshold2="93" featID="45616" />
	<xNode ID="21" leftFit="0.395255208" rightFit="0.982732832" threshold1="91" threshold2="132" featID="36199" />
	<xNode ID="5" leftFit="-0.0745336786" rightFit="-0.890062511" threshold1="0" threshold2="170" featID="49423" />
	<xNode ID="11" leftFit="-0.34686932" rightFit="-0.937270522" threshold1="85" threshold2="170" featID="34650" />
	<xNode ID="46" leftFit="-0.987524807" rightFit="-0.285468459" threshold1="104" threshold2="176" featID="56681" />
	<xNode ID="23" leftFit="-0.690013945" rightFit="-0.968850136" threshold1="99" threshold2="157" featID="72898" />
	<xNode ID="188" leftFit="-0.996136129" rightFit="-0.929919302" threshold1="114" threshold2="151" featID="12418" />
	<xNode ID="94" leftFit="-0.991407037" rightFit="-0.904595792" threshold1="1" threshold2="98" featID="14460" />
	<xNode ID="47" leftFit="-0.982575715" rightFit="-0.787524879" threshold1="123" threshold2="141" featID="9833" />
	<xNode ID="1" leftFit="-0.558179617" rightFit="0.567457557" threshold1="116" threshold2="151" featID="12414" />
	<xNode ID="12" leftFit="0.874921918" rightFit="-0.21403271" threshold1="104" threshold2="157" featID="45870" />
	<xNode ID="6" leftFit="0.274105519" rightFit="-0.828706384" threshold1="107" threshold2="142" featID="78980" />
	<xNode ID="13" leftFit="-0.47021547" rightFit="-0.953955531" threshold1="107" threshold2="149" featID="66923" />
	<xNode ID="27" leftFit="-0.897580147" rightFit="-1" threshold1="120" threshold2="179" featID="8319" />
	<xNode ID="3" leftFit="-0.478752017" rightFit="0.758573949" threshold1="119" threshold2="166" featID="54639" />
	<xNode ID="14" leftFit="-0.0325551741" rightFit="0.934289455" threshold1="121" threshold2="153" featID="54619" />
	<xNode ID="29" leftFit="0.0910991207" rightFit="0.958717883" threshold1="94" threshold2="174" featID="66308" />
	<xNode ID="59" leftFit="0.467378289" rightFit="0.975322008" threshold1="117" threshold2="215" featID="77334" />
	<xNode ID="238" leftFit="0.747879267" rightFit="0.99306953" threshold1="121" threshold2="250" featID="11967" />
	<xNode ID="119" leftFit="0.986009598" rightFit="0.626989901" threshold1="126" threshold2="128" featID="20805" />
	<xNode ID="7" leftFit="0.877984226" rightFit="-0.115000024" threshold1="126" threshold2="129" featID="59297" />
	<xNode ID="30" leftFit="1" rightFit="0.385515124" threshold1="100" threshold2="146" featID="69790" />
	<xNode ID="15" leftFit="0.72591573" rightFit="-0.752353013" threshold1="125" threshold2="133" featID="59700" />
</Tree>
<Tree ID="4" threshold="-2.07263541">
	<xNode ID="8" leftFit="-0.406028956" rightFit="-0.951589823" threshold1="108" threshold2="150" featID="66920" />
	<xNode ID="17" leftFit="-0.996442258" rightFit="-0.884351134" threshold1="123" threshold2="180" featID="4354" />
	<xNode ID="4" leftFit="-0.809523106" rightFit="0.36971429" threshold1="121" threshold2="144" featID="52089" />
	<xNode ID="9" leftFit="-0.309913456" rightFit="0.882162631" threshold1="120" threshold2="138" featID="47179" />
	<xNode ID="19" leftFit="1" rightFit="0.673018038" threshold1="75" threshold2="138" featID="14820" />
	<xNode ID="2" leftFit="-0.368145585" rightFit="0.827925503" threshold1="114" threshold2="150" featID="50173" />
	<xNode ID="40" leftFit="0.581523895" rightFit="1" threshold1="79" threshold2="162" featID="71911" />
	<xNode ID="20" leftFit="0.814608753" rightFit="-0.273143053" threshold1="102" threshold2="152" featID="79576" />
	<xNode ID="10" leftFit="0.405235052" rightFit="0.956763327" threshold1="109" threshold2="151" featID="62799" />
	<xNode ID="21" leftFit="0.553327918" rightFit="0.98063153" threshold1="49" threshold2="175" featID="25427" />
	<xNode ID="43" leftFit="0.714473605" rightFit="0.991039395" threshold1="112" threshold2="151" featID="54843" />
	<xNode ID="174" leftFit="0.999737799" rightFit="0.92956692" threshold1="125" threshold2="128" featID="75053" />
	<xNode ID="87" leftFit="0.998170614" rightFit="0.857531011" threshold1="128" threshold2="135" featID="803" />
	<xNode ID="5" leftFit="0.894585788" rightFit="-0.303530544" threshold1="0" threshold2="104" featID="52719" />
	<xNode ID="1" leftFit="0.531523526" rightFit="-0.458412409" threshold1="114" threshold2="139" featID="50880" />
	<xNode ID="12" leftFit="-0.800199807" rightFit="0.20826894" threshold1="120" threshold2="150" featID="51893" />
	<xNode ID="6" leftFit="-0.490484059" rightFit="0.706911981" threshold1="117" threshold2="142" featID="49929" />
	<xNode ID="13" leftFit="-0.0561962575" rightFit="0.904309511" threshold1="118" threshold2="147" featID="58909" />
	<xNode ID="27" leftFit="0.487559319" rightFit="0.972668469" threshold1="112" threshold2="140" featID="45103" />
	<xNode ID="110" leftFit="1" rightFit="0.952288389" threshold1="209" threshold2="229" featID="19667" />
	<xNode ID="55" leftFit="0.996828377" rightFit="0.806356907" threshold1="118" threshold2="129" featID="74236" />
	<xNode ID="3" leftFit="0.230330393" rightFit="-0.729816914" threshold1="115" threshold2="138" featID="50397" />
	<xNode ID="14" leftFit="-0.30090943" rightFit="-0.925457656" threshold1="116" threshold2="161" featID="50639" />
	<xNode ID="29" leftFit="-0.517000616" rightFit="-0.954498887" threshold1="106" threshold2="152" featID="51121" />
	<xNode ID="236" leftFit="-0.93626684" rightFit="-0.997348726" threshold1="110" threshold2="150" featID="66920" />
	<xNode ID="118" leftFit="-0.991069317" rightFit="-0.85134846" threshold1="91" threshold2="111" featID="29477" />
	<xNode ID="59" leftFit="-0.975009382" rightFit="-0.742986381" threshold1="129" threshold2="149" featID="10314" />
	<xNode ID="7" leftFit="-0.887950957" rightFit="-0.165064976" threshold1="130" threshold2="157" featID="11791" />
	<xNode ID="15" leftFit="-0.808267176" rightFit="0.369093388" threshold1="118" threshold2="153" featID="3321" />
	<xNode ID="31" leftFit="-0.332803816" rightFit="0.83781004" threshold1="134" threshold2="248" featID="4338" />
	<xNode ID="63" leftFit="0.465537786" rightFit="0.98318994" threshold1="131" threshold2="153" featID="12117" />
	<xNode ID="127" leftFit="0.929833949" rightFit="1" threshold1="90" threshold2="239" featID="28431" />
</Tree>
<Tree ID="5" threshold="-1.6021384">
	<xNode ID="4" leftFit="0.40145573" rightFit="-0.701820314" threshold1="25" threshold2="157" featID="26503" />
	<xNode ID="9" leftFit="-0.906966805" rightFit="-0.256742299" threshold1="121" threshold2="188" featID="12453" />
	<xNode ID="2" leftFit="-0.372397423" rightFit="0.739995897" threshold1="87" threshold2="160" featID="70796" />
	<xNode ID="40" leftFit="0.993307531" rightFit="0.707460761" threshold1="69" threshold2="152" featID="56593" />
	<xNode ID="20" leftFit="0.898184836" rightFit="0.0616871081" threshold1="105" threshold2="167" featID="74552" />
	<xNode ID="10" leftFit="0.575160027" rightFit="-0.693708658" threshold1="114" threshold2="143" featID="59299" />
	<xNode ID="5" leftFit="0.0525491722" rightFit="0.881479383" threshold1="97" threshold2="138" featID="43234" />
	<xNode ID="11" leftFit="0.0901075676" rightFit="0.919646621" threshold1="56" threshold2="176" featID="67947" />
	<xNode ID="46" leftFit="0.399602681" rightFit="0.973781943" threshold1="0" threshold2="160" featID="30169" />
	<xNode ID="93" leftFit="0.615302384" rightFit="0.984657705" threshold1="97" threshold2="168" featID="64440" />
	<xNode ID="187" leftFit="0.991336286" rightFit="0.764469028" threshold1="127" threshold2="130" featID="61282" />
	<xNode ID="23" leftFit="0.953483582" rightFit="0.37938562" threshold1="126" threshold2="131" featID="70212" />
	<xNode ID="47" leftFit="-0.0994708687" rightFit="0.95176208" threshold1="123" threshold2="141" featID="79078" />
	<xNode ID="1" leftFit="0.529914498" rightFit="-0.423525602" threshold1="116" threshold2="146" featID="78980" />
	<xNode ID="6" leftFit="0.16756019" rightFit="-0.837926924" threshold1="66" threshold2="176" featID="21830" />
	<xNode ID="208" leftFit="-0.999916077" rightFit="-0.980824649" threshold1="113" threshold2="138" featID="37041" />
	<xNode ID="104" leftFit="-0.996404052" rightFit="-0.934101641" threshold1="124" threshold2="145" featID="63790" />
	<xNode ID="52" leftFit="-0.986711144" rightFit="-0.840478837" threshold1="122" threshold2="142" featID="12741" />
	<xNode ID="26" leftFit="-0.962853014" rightFit="-0.626734495" threshold1="121" threshold2="135" featID="41593" />
	<xNode ID="53" leftFit="-0.138836786" rightFit="-0.915688574" threshold1="105" threshold2="139" featID="78152" />
	<xNode ID="13" leftFit="-0.901871145" rightFit="-0.189203426" threshold1="0" threshold2="87" featID="55931" />
	<xNode ID="3" leftFit="-0.765686691" rightFit="0.023447318" threshold1="114" threshold2="134" featID="44041" />
	<xNode ID="14" leftFit="-0.248420581" rightFit="0.817910194" threshold1="56" threshold2="156" featID="23660" />
	<xNode ID="58" leftFit="0.586892962" rightFit="0.992113054" threshold1="113" threshold2="213" featID="48376" />
	<xNode ID="117" leftFit="1" rightFit="0.894926012" threshold1="70" threshold2="95" featID="17361" />
	<xNode ID="29" leftFit="0.945824623" rightFit="0.0332037322" threshold1="119" threshold2="142" featID="14820" />
	<xNode ID="7" leftFit="0.623442292" rightFit="-0.365437716" threshold1="108" threshold2="145" featID="21830" />
	<xNode ID="30" leftFit="-0.102655098" rightFit="-0.890935659" threshold1="111" threshold2="153" featID="74341" />
	<xNode ID="61" leftFit="-0.971111417" rightFit="-0.699531078" threshold1="115" threshold2="140" featID="3678" />
	<xNode ID="15" leftFit="-0.721263647" rightFit="0.301711053" threshold1="136" threshold2="239" featID="75887" />
	<xNode ID="31" leftFit="-0.442148507" rightFit="0.798040867" threshold1="104" threshold2="135" featID="58801" />
	<xNode ID="63" leftFit="0.338947654" rightFit="0.9627918" threshold1="108" threshold2="136" featID="34969" />
	<xNode ID="127" leftFit="0.828681529" rightFit="1" threshold1="113" threshold2="176" featID="8246" />
</Tree>
<Tree ID="6" threshold="-0.799256086">
	<xNode ID="16" leftFit="1" rightFit="0.882130206" threshold1="31" threshold2="88" featID="8515" />
	<xNode ID="8" leftFit="0.983770967" rightFit="0.400352687" threshold1="109" threshold2="134" featID="78319" />
	<xNode ID="4" leftFit="0.886773944" rightFit="-0.34924984" threshold1="93" threshold2="170" featID="34650" />
	<xNode ID="2" leftFit="0.485745013" rightFit="-0.686677158" threshold1="73" threshold2="182" featID="28440" />
	<xNode ID="40" leftFit="0.346671999" rightFit="-0.786352098" threshold1="84" threshold2="155" featID="45086" />
	<xNode ID="20" leftFit="-0.425934613" rightFit="-0.922083735" threshold1="100" threshold2="165" featID="59700" />
	<xNode ID="164" leftFit="-0.999519289" rightFit="-0.968814135" threshold1="137" threshold2="205" featID="48975" />
	<xNode ID="82" leftFit="-0.989129245" rightFit="-0.869505823" threshold1="123" threshold2="142" featID="59113" />
	<xNode ID="41" leftFit="-0.961323023" rightFit="-0.708740413" threshold1="156" threshold2="252" featID="11909" />
	<xNode ID="10" leftFit="-0.83647269" rightFit="0.114575654" threshold1="126" threshold2="129" featID="59919" />
	<xNode ID="5" leftFit="-0.750262976" rightFit="0.666959882" threshold1="208" threshold2="254" featID="62783" />
	<xNode ID="1" leftFit="-0.517745852" rightFit="0.394798249" threshold1="122" threshold2="145" featID="56599" />
	<xNode ID="6" leftFit="-0.522647679" rightFit="0.864882112" threshold1="108" threshold2="173" featID="60709" />
	<xNode ID="104" leftFit="0.650488794" rightFit="0.994130075" threshold1="47" threshold2="151" featID="50173" />
	<xNode ID="209" leftFit="0.998956859" rightFit="0.719888926" threshold1="171" threshold2="174" featID="58602" />
	<xNode ID="52" leftFit="0.977823257" rightFit="0.351203024" threshold1="125" threshold2="128" featID="65442" />
	<xNode ID="26" leftFit="0.964064121" rightFit="0.414302438" threshold1="123" threshold2="142" featID="60898" />
	<xNode ID="53" leftFit="-0.259377003" rightFit="0.924661696" threshold1="124" threshold2="146" featID="69398" />
	<xNode ID="107" leftFit="1" rightFit="0.554925919" threshold1="130" threshold2="150" featID="5645" />
	<xNode ID="13" leftFit="0.916330159" rightFit="0.0263916776" threshold1="144" threshold2="225" featID="30110" />
	<xNode ID="3" leftFit="0.764275789" rightFit="-0.144934654" threshold1="119" threshold2="147" featID="56594" />
	<xNode ID="14" leftFit="0.676579237" rightFit="-0.75455904" threshold1="100" threshold2="153" featID="59299" />
	<xNode ID="29" leftFit="-0.899183512" rightFit="-0.267292231" threshold1="115" threshold2="136" featID="10150" />
	<xNode ID="7" leftFit="-0.600826979" rightFit="0.373014808" threshold1="132" threshold2="177" featID="77404" />
	<xNode ID="15" leftFit="-0.625579476" rightFit="0.63250035" threshold1="94" threshold2="154" featID="70817" />
	<xNode ID="124" leftFit="0.645337641" rightFit="1" threshold1="14" threshold2="158" featID="7509" />
	<xNode ID="62" leftFit="0.964802682" rightFit="0.318270475" threshold1="124" threshold2="131" featID="67560" />
	<xNode ID="31" leftFit="0.869411469" rightFit="-0.0332161598" threshold1="120" threshold2="129" featID="14820" />
</Tree>
