<?xml version="1.0"?>
<Tree ID="1" threshold="-0.999212921">
	<xNode ID="8" leftFit="0.9342466" rightFit="0.227722779" threshold1="120" threshold2="147" featID="59297" />
	<xNode ID="4" leftFit="0.682539701" rightFit="-0.680000007" threshold1="119" threshold2="140" featID="35249" />
	<xNode ID="9" leftFit="-0.0443349741" rightFit="-0.93963784" threshold1="118" threshold2="215" featID="8551" />
	<xNode ID="19" leftFit="-0.850000024" rightFit="-1" threshold1="125" threshold2="153" featID="29891" />
	<xNode ID="2" leftFit="-0.0702446699" rightFit="0.945047021" threshold1="130" threshold2="254" featID="77334" />
	<xNode ID="10" leftFit="-0.220183492" rightFit="0.847575068" threshold1="1" threshold2="126" featID="30093" />
	<xNode ID="21" leftFit="1" rightFit="0.670000017" threshold1="110" threshold2="143" featID="35565" />
	<xNode ID="5" leftFit="0.490015358" rightFit="0.983784497" threshold1="0" threshold2="125" featID="563" />
	<xNode ID="44" leftFit="0.998013318" rightFit="0.899999976" threshold1="129" threshold2="171" featID="15827" />
	<xNode ID="22" leftFit="0.995308399" rightFit="0.829999983" threshold1="72" threshold2="120" featID="49862" />
	<xNode ID="11" leftFit="0.990868807" rightFit="0.720000029" threshold1="120" threshold2="181" featID="425" />
	<xNode ID="1" leftFit="0.810559332" rightFit="-0.742980361" threshold1="0" threshold2="144" featID="11910" />
	<xNode ID="6" leftFit="-0.037249282" rightFit="-0.973794937" threshold1="104" threshold2="142" featID="59297" />
	<xNode ID="13" leftFit="-0.509157538" rightFit="-0.989560008" threshold1="114" threshold2="150" featID="35249" />
	<xNode ID="27" leftFit="-0.730000019" rightFit="-0.996176422" threshold1="106" threshold2="140" featID="63869" />
	<xNode ID="55" leftFit="-0.892376661" rightFit="-0.999212921" threshold1="113" threshold2="140" featID="33135" />
	<xNode ID="3" leftFit="-0.936086774" rightFit="0.204301074" threshold1="134" threshold2="252" featID="77334" />
	<xNode ID="14" leftFit="-0.0216450226" rightFit="0.908323288" threshold1="1" threshold2="124" featID="33193" />
	<xNode ID="58" leftFit="1" rightFit="0.920000017" threshold1="110" threshold2="140" featID="79503" />
	<xNode ID="29" leftFit="0.974562824" rightFit="0.699999988" threshold1="125" threshold2="181" featID="77027" />
	<xNode ID="7" leftFit="0.705660403" rightFit="-0.547383308" threshold1="124" threshold2="134" featID="32522" />
	<xNode ID="15" leftFit="0.280000001" rightFit="-0.873767257" threshold1="121" threshold2="133" featID="41019" />
	<xNode ID="31" leftFit="-0.680000007" rightFit="-1" threshold1="126" threshold2="190" featID="29799" />
</Tree>
<Tree ID="2" threshold="-1.99392557">
	<xNode ID="8" leftFit="-0.336372167" rightFit="-0.975569785" threshold1="104" threshold2="161" featID="15539" />
	<xNode ID="17" leftFit="-0.611154616" rightFit="-0.988253474" threshold1="107" threshold2="145" featID="29397" />
	<xNode ID="35" leftFit="-0.805126131" rightFit="-0.99471271" threshold1="103" threshold2="158" featID="63870" />
	<xNode ID="4" leftFit="-0.953760087" rightFit="0.183225781" threshold1="139" threshold2="253" featID="77424" />
	<xNode ID="9" leftFit="0.807537317" rightFit="-0.421826929" threshold1="119" threshold2="133" featID="76950" />
	<xNode ID="2" leftFit="-0.895110428" rightFit="0.639991641" threshold1="180" threshold2="254" featID="11930" />
	<xNode ID="10" leftFit="1" rightFit="0.814288318" threshold1="80" threshold2="152" featID="29912" />
	<xNode ID="5" leftFit="0.932959855" rightFit="0.0224096309" threshold1="121" threshold2="146" featID="39897" />
	<xNode ID="1" leftFit="-0.763024628" rightFit="0.71575278" threshold1="132" threshold2="254" featID="77404" />
	<xNode ID="12" leftFit="0.265863657" rightFit="0.977756381" threshold1="1" threshold2="118" featID="30110" />
	<xNode ID="6" leftFit="0.700020432" rightFit="-0.491646767" threshold1="114" threshold2="141" featID="46389" />
	<xNode ID="13" leftFit="0.285647213" rightFit="-0.776562035" threshold1="116" threshold2="136" featID="30345" />
	<xNode ID="27" leftFit="-0.334007621" rightFit="-0.954437256" threshold1="119" threshold2="141" featID="45348" />
	<xNode ID="55" leftFit="-0.883689761" rightFit="-1" threshold1="126" threshold2="142" featID="67261" />
	<xNode ID="3" leftFit="-0.110899024" rightFit="0.911682308" threshold1="0" threshold2="117" featID="8175" />
	<xNode ID="14" leftFit="0.822023928" rightFit="-0.35085696" threshold1="125" threshold2="208" featID="33516" />
	<xNode ID="7" leftFit="0.270577133" rightFit="0.961621702" threshold1="0" threshold2="124" featID="21583" />
	<xNode ID="15" leftFit="0.515716553" rightFit="0.978179216" threshold1="1" threshold2="132" featID="708" />
	<xNode ID="62" leftFit="0.996243954" rightFit="0.778286159" threshold1="114" threshold2="134" featID="10452" />
	<xNode ID="31" leftFit="0.99007833" rightFit="0.59807992" threshold1="70" threshold2="98" featID="47065" />
</Tree>
<Tree ID="3" threshold="-2.9327898">
	<xNode ID="32" leftFit="-0.938864112" rightFit="-0.357753128" threshold1="33" threshold2="106" featID="24620" />
	<xNode ID="16" leftFit="-0.91790694" rightFit="0.0526773296" threshold1="182" threshold2="254" featID="60919" />
	<xNode ID="8" leftFit="-0.891095459" rightFit="0.303628623" threshold1="19" threshold2="88" featID="32561" />
	<xNode ID="4" leftFit="-0.848756909" rightFit="0.0195288528" threshold1="1" threshold2="113" featID="31323" />
	<xNode ID="18" leftFit="1" rightFit="0.120475061" threshold1="0" threshold2="136" featID="49217" />
	<xNode ID="9" leftFit="0.693471372" rightFit="-0.628327966" threshold1="0" threshold2="132" featID="77474" />
	<xNode ID="2" leftFit="-0.738726854" rightFit="0.314063787" threshold1="1" threshold2="108" featID="30404" />
	<xNode ID="5" leftFit="-0.570085347" rightFit="0.798460901" threshold1="123" threshold2="172" featID="11815" />
	<xNode ID="11" leftFit="0.0482564643" rightFit="0.966276407" threshold1="132" threshold2="240" featID="77405" />
	<xNode ID="23" leftFit="1" rightFit="0.787274837" threshold1="125" threshold2="134" featID="79793" />
	<xNode ID="1" leftFit="-0.57345432" rightFit="0.625269711" threshold1="1" threshold2="103" featID="22612" />
	<xNode ID="24" leftFit="1" rightFit="-0.336327732" threshold1="88" threshold2="172" featID="59095" />
	<xNode ID="12" leftFit="0.0937711" rightFit="0.96760571" threshold1="0" threshold2="127" featID="428" />
	<xNode ID="50" leftFit="0.997235477" rightFit="0.52666384" threshold1="65" threshold2="107" featID="48642" />
	<xNode ID="25" leftFit="0.985760152" rightFit="0.300395727" threshold1="146" threshold2="213" featID="28352" />
	<xNode ID="6" leftFit="0.920299649" rightFit="-0.115168422" threshold1="127" threshold2="128" featID="33154" />
	<xNode ID="13" leftFit="-0.513923287" rightFit="1" threshold1="40" threshold2="120" featID="79385" />
	<xNode ID="3" leftFit="0.85360837" rightFit="-0.169575602" threshold1="122" threshold2="133" featID="63147" />
	<xNode ID="14" leftFit="0.222454265" rightFit="1" threshold1="134" threshold2="245" featID="49805" />
	<xNode ID="7" leftFit="0.810459435" rightFit="-0.648386598" threshold1="114" threshold2="142" featID="27797" />
	<xNode ID="15" leftFit="0.446552157" rightFit="-0.835910618" threshold1="121" threshold2="150" featID="74444" />
	<xNode ID="31" leftFit="-0.956783593" rightFit="-0.403033704" threshold1="131" threshold2="252" featID="3634" />
</Tree>
<Tree ID="4" threshold="-3.83948469">
	<xNode ID="32" leftFit="-0.906694889" rightFit="-0.474366486" threshold1="145" threshold2="254" featID="77474" />
	<xNode ID="16" leftFit="-0.83948952" rightFit="0.245933399" threshold1="163" threshold2="240" featID="26844" />
	<xNode ID="8" leftFit="-0.806433618" rightFit="0.704214871" threshold1="211" threshold2="254" featID="12278" />
	<xNode ID="4" leftFit="-0.774619937" rightFit="0.47307089" threshold1="188" threshold2="254" featID="74132" />
	<xNode ID="9" leftFit="-0.0181599427" rightFit="1" threshold1="0" threshold2="121" featID="9420" />
	<xNode ID="2" leftFit="-0.716453731" rightFit="0.282898098" threshold1="1" threshold2="104" featID="75242" />
	<xNode ID="40" leftFit="1" rightFit="0.896829665" threshold1="139" threshold2="162" featID="79799" />
	<xNode ID="20" leftFit="0.985241175" rightFit="0.186097339" threshold1="124" threshold2="132" featID="39897" />
	<xNode ID="10" leftFit="0.851275265" rightFit="-0.248860955" threshold1="126" threshold2="131" featID="51597" />
	<xNode ID="5" leftFit="0.62814039" rightFit="-0.729294717" threshold1="28" threshold2="116" featID="56743" />
	<xNode ID="1" leftFit="-0.544021428" rightFit="0.629812479" threshold1="1" threshold2="101" featID="8173" />
	<xNode ID="48" leftFit="1" rightFit="0.937716901" threshold1="80" threshold2="81" featID="29425" />
	<xNode ID="24" leftFit="0.998788953" rightFit="0.580438852" threshold1="81" threshold2="90" featID="2175" />
	<xNode ID="12" leftFit="0.987589538" rightFit="0.220866516" threshold1="99" threshold2="103" featID="444" />
	<xNode ID="6" leftFit="0.963567138" rightFit="0.000133892449" threshold1="98" threshold2="128" featID="77404" />
	<xNode ID="26" leftFit="1" rightFit="0.548059285" threshold1="106" threshold2="132" featID="79794" />
	<xNode ID="13" leftFit="0.755452216" rightFit="-0.577004611" threshold1="118" threshold2="145" featID="59317" />
	<xNode ID="3" leftFit="0.879000366" rightFit="-0.179610148" threshold1="115" threshold2="237" featID="6784" />
	<xNode ID="14" leftFit="-0.304885745" rightFit="0.86985606" threshold1="121" threshold2="166" featID="10558" />
	<xNode ID="29" leftFit="0.41597864" rightFit="1" threshold1="133" threshold2="206" featID="77334" />
	<xNode ID="7" leftFit="0.537166655" rightFit="-0.719315827" threshold1="127" threshold2="215" featID="30717" />
	<xNode ID="15" leftFit="-0.891441405" rightFit="0.448423177" threshold1="0" threshold2="115" featID="32254" />
</Tree>
<Tree ID="5" threshold="-4.31207228">
	<xNode ID="8" leftFit="-0.778414786" rightFit="0.328393728" threshold1="1" threshold2="123" featID="16040" />
	<xNode ID="17" leftFit="1" rightFit="-0.0972847044" threshold1="110" threshold2="177" featID="79417" />
	<xNode ID="4" leftFit="-0.466332734" rightFit="0.702127397" threshold1="1" threshold2="121" featID="30090" />
	<xNode ID="9" leftFit="-0.178938374" rightFit="0.946169853" threshold1="130" threshold2="253" featID="77473" />
	<xNode ID="19" leftFit="1" rightFit="0.619930506" threshold1="134" threshold2="165" featID="79493" />
	<xNode ID="2" leftFit="0.132588536" rightFit="-0.727549434" threshold1="114" threshold2="146" featID="69647" />
	<xNode ID="10" leftFit="-0.596358061" rightFit="0.652704298" threshold1="135" threshold2="250" featID="77474" />
	<xNode ID="21" leftFit="0.158428758" rightFit="1" threshold1="134" threshold2="183" featID="49861" />
	<xNode ID="5" leftFit="-0.0731656179" rightFit="-0.830493987" threshold1="111" threshold2="147" featID="50397" />
	<xNode ID="44" leftFit="-0.876177967" rightFit="-0.151561543" threshold1="129" threshold2="158" featID="44370" />
	<xNode ID="22" leftFit="-0.709987402" rightFit="0.598641813" threshold1="107" threshold2="124" featID="64484" />
	<xNode ID="11" leftFit="-0.481225818" rightFit="-0.914728343" threshold1="122" threshold2="141" featID="59499" />
	<xNode ID="23" leftFit="-0.399327934" rightFit="-0.943753064" threshold1="101" threshold2="146" featID="27797" />
	<xNode ID="47" leftFit="-0.666948617" rightFit="-0.962981999" threshold1="117" threshold2="207" featID="72174" />
	<xNode ID="1" leftFit="-0.518590391" rightFit="0.614837348" threshold1="1" threshold2="94" featID="425" />
	<xNode ID="12" leftFit="0.074362427" rightFit="1" threshold1="133" threshold2="229" featID="77404" />
	<xNode ID="6" leftFit="0.780814946" rightFit="-0.577107668" threshold1="116" threshold2="175" featID="32868" />
	<xNode ID="13" leftFit="0.888697267" rightFit="-0.730151117" threshold1="113" threshold2="185" featID="31615" />
	<xNode ID="27" leftFit="0.22175692" rightFit="-0.850886226" threshold1="108" threshold2="169" featID="77676" />
	<xNode ID="55" leftFit="-0.947038233" rightFit="-0.465109766" threshold1="128" threshold2="145" featID="10558" />
	<xNode ID="3" leftFit="-0.13656418" rightFit="0.892218411" threshold1="0" threshold2="100" featID="7185" />
	<xNode ID="14" leftFit="1" rightFit="0.251692921" threshold1="123" threshold2="128" featID="8230" />
	<xNode ID="7" leftFit="0.976564348" rightFit="0.0955228359" threshold1="112" threshold2="129" featID="77334" />
	<xNode ID="15" leftFit="-0.520926893" rightFit="0.951262534" threshold1="132" threshold2="190" featID="11983" />
	<xNode ID="31" leftFit="1" rightFit="0.890375257" threshold1="128" threshold2="184" featID="79799" />
</Tree>
<Tree ID="6" threshold="-3.35745883">
	<xNode ID="4" leftFit="0.229707688" rightFit="-0.9927755" threshold1="36" threshold2="168" featID="67847" />
	<xNode ID="36" leftFit="-1" rightFit="-0.982042968" threshold1="75" threshold2="121" featID="79665" />
	<xNode ID="18" leftFit="-0.999833643" rightFit="-0.818415999" threshold1="2" threshold2="89" featID="19331" />
	<xNode ID="9" leftFit="-0.998445868" rightFit="-0.386560589" threshold1="0" threshold2="51" featID="40649" />
	<xNode ID="2" leftFit="-0.975860417" rightFit="0.730558574" threshold1="83" threshold2="129" featID="31348" />
	<xNode ID="1" leftFit="-0.92399019" rightFit="0.675821304" threshold1="92" threshold2="192" featID="11342" />
	<xNode ID="12" leftFit="-0.282902747" rightFit="-0.997643054" threshold1="103" threshold2="130" featID="22985" />
	<xNode ID="25" leftFit="-1" rightFit="-0.973737776" threshold1="25" threshold2="81" featID="55133" />
	<xNode ID="6" leftFit="-0.920190394" rightFit="0.778585255" threshold1="129" threshold2="199" featID="10503" />
	<xNode ID="3" leftFit="-0.58036387" rightFit="0.824563563" threshold1="77" threshold2="195" featID="50512" />
	<xNode ID="56" leftFit="0.954613507" rightFit="0.134827361" threshold1="63" threshold2="78" featID="730" />
	<xNode ID="28" leftFit="0.940244436" rightFit="-0.511968911" threshold1="127" threshold2="128" featID="61495" />
	<xNode ID="57" leftFit="0.0756523758" rightFit="-1" threshold1="125" threshold2="131" featID="40747" />
	<xNode ID="14" leftFit="0.916022599" rightFit="-0.838653862" threshold1="69" threshold2="87" featID="58966" />
	<xNode ID="7" leftFit="0.882086635" rightFit="-0.885736525" threshold1="20" threshold2="48" featID="52300" />
	<xNode ID="15" leftFit="-0.721539795" rightFit="-0.988479078" threshold1="35" threshold2="131" featID="48398" />
</Tree>
<Tree ID="7" threshold="-2.38108063">
	<xNode ID="32" leftFit="-0.852352679" rightFit="-0.999442458" threshold1="29" threshold2="204" featID="66268" />
	<xNode ID="16" leftFit="-0.997230828" rightFit="-0.64479804" threshold1="129" threshold2="152" featID="53942" />
	<xNode ID="8" leftFit="-0.989036739" rightFit="-0.326461256" threshold1="141" threshold2="202" featID="49844" />
	<xNode ID="4" leftFit="-0.965092778" rightFit="0.212848216" threshold1="4" threshold2="60" featID="28572" />
	<xNode ID="2" leftFit="-0.933332026" rightFit="0.394583732" threshold1="67" threshold2="104" featID="24621" />
	<xNode ID="1" leftFit="-0.860857248" rightFit="0.463198483" threshold1="98" threshold2="189" featID="11427" />
	<xNode ID="48" leftFit="0.976378024" rightFit="0.609540701" threshold1="139" threshold2="193" featID="32882" />
	<xNode ID="24" leftFit="0.960693717" rightFit="0.533140957" threshold1="122" threshold2="137" featID="67084" />
	<xNode ID="49" leftFit="-0.197515041" rightFit="0.910232484" threshold1="129" threshold2="170" featID="47718" />
	<xNode ID="12" leftFit="0.927672863" rightFit="0.381329179" threshold1="124" threshold2="182" featID="31966" />
	<xNode ID="50" leftFit="-0.632295907" rightFit="0.797057152" threshold1="19" threshold2="145" featID="27592" />
	<xNode ID="25" leftFit="0.653211355" rightFit="-0.645482719" threshold1="123" threshold2="130" featID="62073" />
	<xNode ID="51" leftFit="0.203827024" rightFit="-0.92318505" threshold1="117" threshold2="171" featID="37415" />
	<xNode ID="6" leftFit="0.770314157" rightFit="-0.892511249" threshold1="0" threshold2="69" featID="71878" />
	<xNode ID="3" leftFit="0.705757976" rightFit="-0.306523085" threshold1="120" threshold2="132" featID="36143" />
	<xNode ID="56" leftFit="0.793518007" rightFit="0.996371567" threshold1="86" threshold2="129" featID="33616" />
	<xNode ID="28" leftFit="0.95453161" rightFit="0.224008217" threshold1="107" threshold2="133" featID="19791" />
	<xNode ID="14" leftFit="0.798307061" rightFit="-0.356356204" threshold1="125" threshold2="134" featID="31284" />
	<xNode ID="29" leftFit="0.355896115" rightFit="-0.889319599" threshold1="122" threshold2="135" featID="26518" />
	<xNode ID="7" leftFit="0.441779077" rightFit="-0.828703344" threshold1="116" threshold2="138" featID="76843" />
	<xNode ID="15" leftFit="0.276688278" rightFit="-0.969460905" threshold1="100" threshold2="145" featID="48016" />
	<xNode ID="62" leftFit="-1" rightFit="-0.932815671" threshold1="139" threshold2="146" featID="31590" />
	<xNode ID="31" leftFit="-0.997251749" rightFit="-0.603922844" threshold1="133" threshold2="201" featID="11548" />
</Tree>
<Tree ID="8" threshold="-1.19460988">
	<xNode ID="4" leftFit="0.216717511" rightFit="-0.997537017" threshold1="40" threshold2="144" featID="30955" />
	<xNode ID="9" leftFit="-0.765528917" rightFit="-0.999926984" threshold1="0" threshold2="142" featID="75920" />
	<xNode ID="19" leftFit="-1" rightFit="-0.995600164" threshold1="19" threshold2="98" featID="29854" />
	<xNode ID="2" leftFit="-0.978026628" rightFit="0.867203236" threshold1="94" threshold2="172" featID="2535" />
	<xNode ID="1" leftFit="-0.885460019" rightFit="0.876112342" threshold1="77" threshold2="185" featID="53568" />
	<xNode ID="6" leftFit="0.145977587" rightFit="-1" threshold1="1" threshold2="109" featID="19413" />
	<xNode ID="3" leftFit="-0.697278023" rightFit="0.958887994" threshold1="0" threshold2="189" featID="36326" />
	<xNode ID="56" leftFit="0.997223318" rightFit="0.890201569" threshold1="92" threshold2="101" featID="56269" />
	<xNode ID="28" leftFit="0.99502939" rightFit="0.735317826" threshold1="181" threshold2="187" featID="12110" />
	<xNode ID="14" leftFit="0.99109602" rightFit="0.419887722" threshold1="104" threshold2="109" featID="22490" />
	<xNode ID="7" leftFit="0.979303777" rightFit="-0.256255358" threshold1="44" threshold2="48" featID="167" />
</Tree>
<Tree ID="9" threshold="-0.24867183">
	<xNode ID="4" leftFit="0.293421358" rightFit="-0.991349816" threshold1="12" threshold2="154" featID="26604" />
	<xNode ID="9" leftFit="-0.416817367" rightFit="-0.997808814" threshold1="61" threshold2="201" featID="45587" />
	<xNode ID="19" leftFit="-1" rightFit="-0.831343591" threshold1="136" threshold2="234" featID="3387" />
	<xNode ID="2" leftFit="-0.964870036" rightFit="0.765972197" threshold1="129" threshold2="166" featID="11424" />
	<xNode ID="1" leftFit="-0.906855941" rightFit="0.653954864" threshold1="77" threshold2="205" featID="53568" />
	<xNode ID="48" leftFit="0.945937991" rightFit="0.173084915" threshold1="173" threshold2="177" featID="49663" />
	<xNode ID="24" leftFit="0.933837652" rightFit="-0.921178997" threshold1="187" threshold2="215" featID="23639" />
	<xNode ID="12" leftFit="0.913386285" rightFit="-0.497591555" threshold1="133" threshold2="134" featID="60672" />
	<xNode ID="6" leftFit="0.883559346" rightFit="-0.530978024" threshold1="169" threshold2="204" featID="31483" />
	<xNode ID="26" leftFit="-1" rightFit="-0.92972821" threshold1="113" threshold2="157" featID="54449" />
	<xNode ID="13" leftFit="-0.979118109" rightFit="0.460294604" threshold1="88" threshold2="169" featID="17580" />
	<xNode ID="3" leftFit="0.815965235" rightFit="-0.639324188" threshold1="84" threshold2="102" featID="3731" />
	<xNode ID="14" leftFit="-0.494805098" rightFit="-0.998094857" threshold1="82" threshold2="132" featID="55931" />
	<xNode ID="29" leftFit="-0.987842023" rightFit="-1" threshold1="126" threshold2="185" featID="35796" />
	<xNode ID="7" leftFit="-0.933274329" rightFit="0.662987709" threshold1="116" threshold2="151" featID="61028" />
</Tree>
<Tree ID="10" threshold="0.642491043">
	<xNode ID="4" leftFit="0.864459872" rightFit="-0.52917701" threshold1="115" threshold2="147" featID="63692" />
	<xNode ID="2" leftFit="0.446840465" rightFit="-0.910360754" threshold1="19" threshold2="149" featID="9728" />
	<xNode ID="10" leftFit="-0.564555228" rightFit="-0.999147832" threshold1="0" threshold2="143" featID="20444" />
	<xNode ID="21" leftFit="-1" rightFit="-0.963202655" threshold1="114" threshold2="150" featID="10675" />
	<xNode ID="5" leftFit="-0.984315217" rightFit="0.37698254" threshold1="111" threshold2="146" featID="48689" />
	<xNode ID="1" leftFit="-0.743360162" rightFit="0.520096779" threshold1="87" threshold2="179" featID="12474" />
	<xNode ID="48" leftFit="0.891162872" rightFit="0.0685566813" threshold1="128" threshold2="129" featID="37605" />
	<xNode ID="24" leftFit="0.841775417" rightFit="-0.0515496656" threshold1="149" threshold2="178" featID="25301" />
	<xNode ID="12" leftFit="0.792188585" rightFit="-0.816581786" threshold1="128" threshold2="128" featID="75478" />
	<xNode ID="6" leftFit="0.751166344" rightFit="-0.134089962" threshold1="114" threshold2="128" featID="5025" />
	<xNode ID="13" leftFit="0.579262614" rightFit="-0.742733419" threshold1="109" threshold2="140" featID="77753" />
	<xNode ID="27" leftFit="-0.327460289" rightFit="-0.98334229" threshold1="101" threshold2="127" featID="2743" />
	<xNode ID="3" leftFit="0.644953072" rightFit="-0.458695769" threshold1="152" threshold2="166" featID="36069" />
	<xNode ID="7" leftFit="0.585818827" rightFit="-0.913327932" threshold1="101" threshold2="143" featID="78750" />
	<xNode ID="15" leftFit="-0.621107399" rightFit="-0.997467399" threshold1="100" threshold2="137" featID="32539" />
	<xNode ID="31" leftFit="-1" rightFit="-0.989569128" threshold1="89" threshold2="128" featID="47451" />
</Tree>
<Tree ID="11" threshold="1.60528684">
	<xNode ID="2" leftFit="0.970704377" rightFit="-0.993500113" threshold1="124" threshold2="128" featID="31923" />
	<xNode ID="5" leftFit="-0.933489084" rightFit="-1" threshold1="1" threshold2="91" featID="79622" />
	<xNode ID="1" leftFit="-0.909570515" rightFit="0.52787751" threshold1="13" threshold2="222" featID="77805" />
	<xNode ID="6" leftFit="0.926819742" rightFit="-0.86578393" threshold1="0" threshold2="137" featID="12332" />
	<xNode ID="26" leftFit="-0.878496587" rightFit="-1" threshold1="103" threshold2="137" featID="76538" />
	<xNode ID="13" leftFit="-0.988046408" rightFit="0.107789576" threshold1="32" threshold2="127" featID="37933" />
	<xNode ID="3" leftFit="-0.46572414" rightFit="0.783578217" threshold1="21" threshold2="170" featID="6902" />
	<xNode ID="14" leftFit="0.180400133" rightFit="0.930698931" threshold1="0" threshold2="151" featID="30128" />
	<xNode ID="58" leftFit="0.962795794" rightFit="0.603050053" threshold1="121" threshold2="128" featID="54066" />
	<xNode ID="29" leftFit="0.950481176" rightFit="0.374446541" threshold1="124" threshold2="126" featID="71387" />
	<xNode ID="7" leftFit="0.891623676" rightFit="-0.553686738" threshold1="119" threshold2="121" featID="49915" />
	<xNode ID="15" leftFit="0.375651002" rightFit="-0.993551493" threshold1="120" threshold2="125" featID="25845" />
</Tree>

