<?xml version="1.0"?>
<Tree ID="1" threshold="-0.999463081">
	<xNode ID="4" leftFit="-0.344680846" rightFit="0.974647582" threshold1="58" threshold2="145" featID="3574" />
	<xNode ID="9" leftFit="0.298630148" rightFit="0.989586473" threshold1="99" threshold2="198" featID="48834" />
	<xNode ID="38" leftFit="0.862500012" rightFit="0.998991489" threshold1="1" threshold2="127" featID="21604" />
	<xNode ID="77" leftFit="1" rightFit="0.947368443" threshold1="0" threshold2="61" featID="19696" />
	<xNode ID="19" leftFit="0.996292889" rightFit="0.662650585" threshold1="14" threshold2="98" featID="4521" />
	<xNode ID="2" leftFit="0.92176038" rightFit="-0.551698089" threshold1="0" threshold2="140" featID="3952" />
	<xNode ID="10" leftFit="-0.744360924" rightFit="-0.992982447" threshold1="116" threshold2="142" featID="72422" />
	<xNode ID="5" leftFit="-0.91387558" rightFit="0.0674846619" threshold1="117" threshold2="153" featID="49822" />
	<xNode ID="11" leftFit="-0.52102375" rightFit="0.814385176" threshold1="0" threshold2="117" featID="51362" />
	<xNode ID="1" leftFit="0.728813589" rightFit="-0.746293604" threshold1="0" threshold2="144" featID="11910" />
	<xNode ID="24" leftFit="-0.540983617" rightFit="-0.975669086" threshold1="117" threshold2="137" featID="59703" />
	<xNode ID="12" leftFit="-0.813740432" rightFit="0.403726697" threshold1="108" threshold2="144" featID="43415" />
	<xNode ID="25" leftFit="0.918367326" rightFit="-0.0847457647" threshold1="108" threshold2="139" featID="50640" />
	<xNode ID="6" leftFit="-0.350354612" rightFit="-0.946380019" threshold1="112" threshold2="148" featID="79590" />
	<xNode ID="52" leftFit="-0.986091793" rightFit="-0.285067886" threshold1="103" threshold2="161" featID="44200" />
	<xNode ID="26" leftFit="-0.719207585" rightFit="-0.984757185" threshold1="113" threshold2="139" featID="14820" />
	<xNode ID="212" leftFit="-0.965996921" rightFit="-0.999463081" threshold1="112" threshold2="164" featID="78719" />
	<xNode ID="106" leftFit="-0.99763155" rightFit="-0.936440706" threshold1="134" threshold2="145" featID="4537" />
	<xNode ID="53" leftFit="-0.993106663" rightFit="-0.879327416" threshold1="86" threshold2="116" featID="46648" />
	<xNode ID="13" leftFit="-0.964118361" rightFit="-0.420634925" threshold1="143" threshold2="214" featID="11909" />
	<xNode ID="3" leftFit="-0.874579966" rightFit="0.27470535" threshold1="151" threshold2="254" featID="11913" />
	<xNode ID="7" leftFit="-0.763869107" rightFit="0.760479033" threshold1="0" threshold2="112" featID="8176" />
	<xNode ID="15" leftFit="0.152454779" rightFit="0.971326172" threshold1="121" threshold2="184" featID="3420" />
	<xNode ID="31" leftFit="1" rightFit="0.896103919" threshold1="105" threshold2="133" featID="79686" />
</Tree>
<Tree ID="2" threshold="-1.88211107">
	<xNode ID="8" leftFit="-0.00913497992" rightFit="-0.941280186" threshold1="107" threshold2="132" featID="55490" />
	<xNode ID="4" leftFit="-0.624284565" rightFit="0.692860067" threshold1="104" threshold2="159" featID="43123" />
	<xNode ID="18" leftFit="0.57964319" rightFit="0.992266715" threshold1="121" threshold2="165" featID="49478" />
	<xNode ID="37" leftFit="1" rightFit="0.966688097" threshold1="115" threshold2="135" featID="79788" />
	<xNode ID="9" leftFit="0.907418728" rightFit="-0.090492323" threshold1="117" threshold2="134" featID="45870" />
	<xNode ID="2" leftFit="0.215221092" rightFit="-0.84714222" threshold1="107" threshold2="153" featID="28440" />
	<xNode ID="20" leftFit="-0.928256929" rightFit="0.302045792" threshold1="109" threshold2="147" featID="56703" />
	<xNode ID="10" leftFit="-0.561867058" rightFit="-0.960854352" threshold1="108" threshold2="146" featID="74750" />
	<xNode ID="21" leftFit="-0.677283108" rightFit="-0.977044344" threshold1="109" threshold2="149" featID="74444" />
	<xNode ID="43" leftFit="-0.845536053" rightFit="-0.98973304" threshold1="106" threshold2="155" featID="30346" />
	<xNode ID="87" leftFit="-0.906441927" rightFit="-0.995401502" threshold1="105" threshold2="152" featID="30973" />
	<xNode ID="175" leftFit="-0.943976998" rightFit="-0.998317957" threshold1="109" threshold2="146" featID="33744" />
	<xNode ID="5" leftFit="-0.926710308" rightFit="-0.299312234" threshold1="2" threshold2="108" featID="75243" />
	<xNode ID="22" leftFit="-0.99759388" rightFit="-0.645293295" threshold1="118" threshold2="179" featID="54474" />
	<xNode ID="11" leftFit="-0.865902424" rightFit="0.539941251" threshold1="112" threshold2="143" featID="52448" />
	<xNode ID="23" leftFit="0.032928329" rightFit="0.972221911" threshold1="130" threshold2="148" featID="49765" />
	<xNode ID="1" leftFit="-0.679997921" rightFit="0.7371158" threshold1="1" threshold2="108" featID="405" />
	<xNode ID="6" leftFit="0.0132607706" rightFit="-0.918501616" threshold1="113" threshold2="152" featID="34650" />
	<xNode ID="13" leftFit="-0.998161495" rightFit="-0.762746572" threshold1="113" threshold2="163" featID="48311" />
	<xNode ID="3" leftFit="-0.735927224" rightFit="0.912765324" threshold1="0" threshold2="115" featID="8175" />
	<xNode ID="14" leftFit="0.00325241708" rightFit="0.98829484" threshold1="97" threshold2="194" featID="48314" />
	<xNode ID="29" leftFit="0.637314618" rightFit="0.995761335" threshold1="74" threshold2="179" featID="10916" />
	<xNode ID="59" leftFit="0.847025037" rightFit="0.998779237" threshold1="57" threshold2="183" featID="3361" />
	<xNode ID="119" leftFit="1" rightFit="0.937942028" threshold1="65" threshold2="93" featID="18970" />
	<xNode ID="7" leftFit="0.960716903" rightFit="-0.512652278" threshold1="0" threshold2="130" featID="3196" />
</Tree>
<Tree ID="3" threshold="-2.79179096">
	<xNode ID="8" leftFit="-0.749450266" rightFit="0.632981002" threshold1="123" threshold2="151" featID="58909" />
	<xNode ID="17" leftFit="1" rightFit="0.225248262" threshold1="106" threshold2="172" featID="28440" />
	<xNode ID="4" leftFit="-0.120245568" rightFit="-0.914489865" threshold1="106" threshold2="173" featID="63510" />
	<xNode ID="9" leftFit="-0.378930837" rightFit="-0.945269346" threshold1="96" threshold2="156" featID="63147" />
	<xNode ID="38" leftFit="-0.832657218" rightFit="-0.986168623" threshold1="84" threshold2="170" featID="14820" />
	<xNode ID="77" leftFit="-0.921557248" rightFit="-0.993591547" threshold1="97" threshold2="160" featID="73015" />
	<xNode ID="155" leftFit="-0.997965991" rightFit="-0.959548593" threshold1="80" threshold2="108" featID="24932" />
	<xNode ID="19" leftFit="-0.972919405" rightFit="-0.678245842" threshold1="120" threshold2="155" featID="12551" />
	<xNode ID="2" leftFit="-0.834965944" rightFit="0.455409348" threshold1="1" threshold2="84" featID="60101" />
	<xNode ID="5" leftFit="-0.539391577" rightFit="0.929483354" threshold1="0" threshold2="92" featID="63871" />
	<xNode ID="11" leftFit="0.662134647" rightFit="1" threshold1="63" threshold2="172" featID="19908" />
	<xNode ID="1" leftFit="-0.694922745" rightFit="0.621779501" threshold1="120" threshold2="157" featID="11444" />
	<xNode ID="6" leftFit="-0.573681235" rightFit="0.952967942" threshold1="70" threshold2="168" featID="43952" />
	<xNode ID="13" leftFit="-0.025443539" rightFit="0.979696214" threshold1="0" threshold2="120" featID="426" />
	<xNode ID="108" leftFit="0.975132227" rightFit="1" threshold1="9" threshold2="245" featID="79798" />
	<xNode ID="54" leftFit="0.999607205" rightFit="0.641949356" threshold1="0" threshold2="133" featID="3995" />
	<xNode ID="27" leftFit="0.992910266" rightFit="0.382820785" threshold1="0" threshold2="135" featID="10806" />
	<xNode ID="3" leftFit="0.88436389" rightFit="-0.354248434" threshold1="0" threshold2="137" featID="3566" />
	<xNode ID="14" leftFit="-0.216124654" rightFit="0.919780672" threshold1="119" threshold2="135" featID="3184" />
	<xNode ID="29" leftFit="1" rightFit="0.726757109" threshold1="127" threshold2="136" featID="79723" />
	<xNode ID="7" leftFit="0.512229502" rightFit="-0.748932481" threshold1="1" threshold2="136" featID="3951" />
	<xNode ID="15" leftFit="0.0457456224" rightFit="-0.87538445" threshold1="107" threshold2="137" featID="7410" />
	<xNode ID="31" leftFit="-0.618424416" rightFit="-0.968486488" threshold1="118" threshold2="141" featID="77722" />
</Tree>
<Tree ID="4" threshold="-3.41786623">
	<xNode ID="8" leftFit="-0.783164859" rightFit="0.46501261" threshold1="95" threshold2="176" featID="11678" />
	<xNode ID="17" leftFit="-0.252308786" rightFit="0.896508932" threshold1="148" threshold2="252" featID="11562" />
	<xNode ID="35" leftFit="0.681911051" rightFit="1" threshold1="73" threshold2="156" featID="29924" />
	<xNode ID="4" leftFit="-0.130965397" rightFit="-0.909050882" threshold1="109" threshold2="161" featID="77970" />
	<xNode ID="144" leftFit="-0.999221981" rightFit="-0.976544619" threshold1="82" threshold2="123" featID="32620" />
	<xNode ID="72" leftFit="-0.994948804" rightFit="-0.932228744" threshold1="111" threshold2="142" featID="13145" />
	<xNode ID="36" leftFit="-0.985516012" rightFit="-0.839974463" threshold1="147" threshold2="252" featID="50155" />
	<xNode ID="18" leftFit="-0.970887661" rightFit="-0.667807519" threshold1="121" threshold2="156" featID="9832" />
	<xNode ID="37" leftFit="-0.866832495" rightFit="0.0852297321" threshold1="130" threshold2="152" featID="52343" />
	<xNode ID="9" leftFit="-0.933909953" rightFit="-0.017958317" threshold1="1" threshold2="79" featID="21830" />
	<xNode ID="2" leftFit="-0.796836019" rightFit="0.462582231" threshold1="1" threshold2="84" featID="41023" />
	<xNode ID="5" leftFit="-0.685400009" rightFit="0.911809444" threshold1="0" threshold2="103" featID="46395" />
	<xNode ID="11" leftFit="0.359939873" rightFit="1" threshold1="104" threshold2="176" featID="43585" />
	<xNode ID="1" leftFit="-0.604080796" rightFit="0.69391793" threshold1="122" threshold2="150" featID="10579" />
	<xNode ID="6" leftFit="-0.871768951" rightFit="0.470128953" threshold1="112" threshold2="168" featID="51956" />
	<xNode ID="3" leftFit="-0.609556496" rightFit="0.846039712" threshold1="109" threshold2="177" featID="52659" />
	<xNode ID="14" leftFit="-0.0490670726" rightFit="0.975799561" threshold1="96" threshold2="206" featID="43330" />
	<xNode ID="29" leftFit="0.328433752" rightFit="0.992529094" threshold1="102" threshold2="157" featID="60709" />
	<xNode ID="59" leftFit="0.604574144" rightFit="1" threshold1="87" threshold2="154" featID="75543" />
	<xNode ID="7" leftFit="0.948203921" rightFit="-0.0635680482" threshold1="126" threshold2="130" featID="45870" />
	<xNode ID="30" leftFit="0.580422759" rightFit="1" threshold1="127" threshold2="155" featID="9874" />
	<xNode ID="15" leftFit="0.841391921" rightFit="-0.742227972" threshold1="114" threshold2="134" featID="44822" />
</Tree>
<Tree ID="5" threshold="-4.2739954">
	<xNode ID="8" leftFit="-0.611311257" rightFit="0.942560792" threshold1="117" threshold2="144" featID="53376" />
	<xNode ID="4" leftFit="-0.198099941" rightFit="-0.927631319" threshold1="84" threshold2="160" featID="59700" />
	<xNode ID="9" leftFit="-0.49376446" rightFit="-0.952642679" threshold1="77" threshold2="171" featID="78980" />
	<xNode ID="152" leftFit="-0.995225072" rightFit="-1" threshold1="100" threshold2="231" featID="9699" />
	<xNode ID="76" leftFit="-0.998761296" rightFit="-0.969701827" threshold1="126" threshold2="169" featID="54718" />
	<xNode ID="38" leftFit="-0.992660284" rightFit="-0.917584598" threshold1="129" threshold2="154" featID="54040" />
	<xNode ID="19" leftFit="-0.979896724" rightFit="-0.784430087" threshold1="135" threshold2="159" featID="77404" />
	<xNode ID="2" leftFit="-0.868256629" rightFit="-0.0576658584" threshold1="119" threshold2="152" featID="2949" />
	<xNode ID="10" leftFit="-0.168000817" rightFit="-0.924073577" threshold1="113" threshold2="144" featID="69930" />
	<xNode ID="5" leftFit="-0.776301622" rightFit="0.437438786" threshold1="125" threshold2="171" featID="10990" />
	<xNode ID="11" leftFit="-0.475263983" rightFit="0.827391803" threshold1="131" threshold2="254" featID="3567" />
	<xNode ID="23" leftFit="0.061013408" rightFit="0.973662376" threshold1="116" threshold2="132" featID="3575" />
	<xNode ID="47" leftFit="1" rightFit="0.785846055" threshold1="121" threshold2="132" featID="79733" />
	<xNode ID="1" leftFit="-0.623538136" rightFit="0.634416521" threshold1="148" threshold2="254" featID="18732" />
	<xNode ID="12" leftFit="-0.930131137" rightFit="-0.154101744" threshold1="116" threshold2="132" featID="5514" />
	<xNode ID="6" leftFit="-0.776023924" rightFit="0.38562867" threshold1="150" threshold2="254" featID="54153" />
	<xNode ID="13" leftFit="-0.145080552" rightFit="1" threshold1="109" threshold2="152" featID="19310" />
	<xNode ID="3" leftFit="-0.510234714" rightFit="0.888753891" threshold1="151" threshold2="254" featID="11542" />
	<xNode ID="7" leftFit="-0.518790901" rightFit="0.954964638" threshold1="0" threshold2="139" featID="7061" />
	<xNode ID="15" leftFit="-0.10346514" rightFit="0.987619996" threshold1="102" threshold2="196" featID="54492" />
	<xNode ID="31" leftFit="0.51124078" rightFit="1" threshold1="76" threshold2="175" featID="11654" />
</Tree>
<Tree ID="6" threshold="-5.23769474">
	<xNode ID="16" leftFit="0.146144539" rightFit="1" threshold1="114" threshold2="155" featID="49841" />
	<xNode ID="8" leftFit="0.692823708" rightFit="-0.66903013" threshold1="96" threshold2="149" featID="14820" />
	<xNode ID="4" leftFit="-0.138113007" rightFit="-0.896800399" threshold1="95" threshold2="158" featID="34650" />
	<xNode ID="144" leftFit="-0.99803859" rightFit="-0.9636994" threshold1="124" threshold2="149" featID="52149" />
	<xNode ID="72" leftFit="-0.991236687" rightFit="-0.90447849" threshold1="106" threshold2="142" featID="11653" />
	<xNode ID="36" leftFit="-0.977351427" rightFit="-0.797764063" threshold1="137" threshold2="168" featID="49235" />
	<xNode ID="18" leftFit="-0.956076086" rightFit="-0.557099104" threshold1="122" threshold2="135" featID="12025" />
	<xNode ID="9" leftFit="-0.926132083" rightFit="-0.204209387" threshold1="3" threshold2="80" featID="35251" />
	<xNode ID="2" leftFit="-0.779560387" rightFit="0.566239774" threshold1="175" threshold2="254" featID="69362" />
	<xNode ID="10" leftFit="1" rightFit="0.887928128" threshold1="122" threshold2="131" featID="79798" />
	<xNode ID="5" leftFit="0.983517051" rightFit="-0.447324842" threshold1="0" threshold2="161" featID="66272" />
	<xNode ID="1" leftFit="-0.617319822" rightFit="0.589051366" threshold1="118" threshold2="145" featID="10559" />
	<xNode ID="12" leftFit="-0.612408519" rightFit="1" threshold1="1" threshold2="88" featID="40183" />
	<xNode ID="6" leftFit="-0.241440609" rightFit="0.970312893" threshold1="112" threshold2="138" featID="3183" />
	<xNode ID="13" leftFit="0.0871844441" rightFit="0.99426198" threshold1="110" threshold2="176" featID="3339" />
	<xNode ID="27" leftFit="1" rightFit="0.677984536" threshold1="81" threshold2="116" featID="18383" />
	<xNode ID="3" leftFit="0.890693784" rightFit="-0.369604945" threshold1="0" threshold2="140" featID="3563" />
	<xNode ID="14" leftFit="-0.317255527" rightFit="0.958207905" threshold1="119" threshold2="158" featID="47810" />
	<xNode ID="29" leftFit="1" rightFit="0.820976853" threshold1="123" threshold2="137" featID="79796" />
	<xNode ID="7" leftFit="0.505322695" rightFit="-0.77522248" threshold1="1" threshold2="137" featID="3956" />
	<xNode ID="15" leftFit="0.041050829" rightFit="-0.891740859" threshold1="119" threshold2="152" featID="55490" />
</Tree>
<Tree ID="7" threshold="-6.21019793">
	<xNode ID="4" leftFit="-0.635384023" rightFit="0.905072212" threshold1="95" threshold2="159" featID="56724" />
	<xNode ID="9" leftFit="1" rightFit="0.660134196" threshold1="122" threshold2="165" featID="79622" />
	<xNode ID="2" leftFit="0.0845380649" rightFit="-0.884031415" threshold1="97" threshold2="163" featID="72540" />
	<xNode ID="10" leftFit="-0.550621629" rightFit="-0.958572328" threshold1="85" threshold2="164" featID="21830" />
	<xNode ID="42" leftFit="-0.911463737" rightFit="-0.993769825" threshold1="97" threshold2="157" featID="72899" />
	<xNode ID="170" leftFit="-0.998905659" rightFit="-1" threshold1="56" threshold2="197" featID="50055" />
	<xNode ID="85" leftFit="-0.999693632" rightFit="-0.972503483" threshold1="134" threshold2="198" featID="48010" />
	<xNode ID="21" leftFit="-0.9806602" rightFit="-0.764123797" threshold1="123" threshold2="153" featID="53165" />
	<xNode ID="5" leftFit="-0.923863173" rightFit="-0.0714843348" threshold1="1" threshold2="71" featID="22511" />
	<xNode ID="1" leftFit="-0.754518092" rightFit="0.493921548" threshold1="106" threshold2="151" featID="54755" />
	<xNode ID="12" leftFit="0.544160485" rightFit="-0.825537443" threshold1="84" threshold2="163" featID="76560" />
	<xNode ID="25" leftFit="-0.285650909" rightFit="-0.936773837" threshold1="121" threshold2="146" featID="45870" />
	<xNode ID="51" leftFit="-0.991561472" rightFit="-0.822693646" threshold1="131" threshold2="183" featID="77404" />
	<xNode ID="6" leftFit="-0.725543678" rightFit="0.701057076" threshold1="1" threshold2="118" featID="46657" />
	<xNode ID="13" leftFit="-0.135867402" rightFit="1" threshold1="111" threshold2="149" featID="4839" />
	<xNode ID="3" leftFit="-0.360957891" rightFit="0.821029961" threshold1="0" threshold2="120" featID="45623" />
	<xNode ID="14" leftFit="-0.266641825" rightFit="0.968054831" threshold1="1" threshold2="156" featID="16059" />
	<xNode ID="29" leftFit="0.127098769" rightFit="0.991360009" threshold1="101" threshold2="215" featID="48521" />
	<xNode ID="118" leftFit="1" rightFit="0.960128605" threshold1="46" threshold2="72" featID="9972" />
	<xNode ID="59" leftFit="0.99941361" rightFit="0.602703989" threshold1="110" threshold2="117" featID="24883" />
	<xNode ID="7" leftFit="0.927434802" rightFit="-0.519978404" threshold1="0" threshold2="118" featID="44313" />
</Tree>
<Tree ID="8" threshold="-7.09575701">
	<xNode ID="8" leftFit="-0.601680934" rightFit="0.946079314" threshold1="104" threshold2="149" featID="58819" />
	<xNode ID="17" leftFit="1" rightFit="0.852465034" threshold1="43" threshold2="124" featID="79798" />
	<xNode ID="4" leftFit="0.076945439" rightFit="-0.863050282" threshold1="99" threshold2="187" featID="76560" />
	<xNode ID="144" leftFit="-0.99560976" rightFit="-1" threshold1="60" threshold2="196" featID="9080" />
	<xNode ID="72" leftFit="-0.998760164" rightFit="-0.965104043" threshold1="120" threshold2="171" featID="47283" />
	<xNode ID="36" leftFit="-0.991131186" rightFit="-0.880663633" threshold1="130" threshold2="160" featID="47787" />
	<xNode ID="18" leftFit="-0.968961775" rightFit="-0.717911422" threshold1="120" threshold2="134" featID="2398" />
	<xNode ID="37" leftFit="0.199737132" rightFit="-0.885559142" threshold1="98" threshold2="138" featID="7410" />
	<xNode ID="9" leftFit="-0.921414554" rightFit="-0.4043625" threshold1="151" threshold2="247" featID="45085" />
	<xNode ID="19" leftFit="-0.801516593" rightFit="0.870956838" threshold1="122" threshold2="153" featID="47535" />
	<xNode ID="2" leftFit="-0.77776134" rightFit="0.517374754" threshold1="2" threshold2="80" featID="67399" />
	<xNode ID="5" leftFit="-0.48301807" rightFit="0.993430972" threshold1="0" threshold2="116" featID="46392" />
	<xNode ID="11" leftFit="0.957649648" rightFit="1" threshold1="27" threshold2="142" featID="19949" />
	<xNode ID="1" leftFit="-0.627224684" rightFit="0.588722467" threshold1="118" threshold2="131" featID="4353" />
	<xNode ID="6" leftFit="-0.450046241" rightFit="0.968723595" threshold1="103" threshold2="163" featID="48444" />
	<xNode ID="13" leftFit="0.0977278799" rightFit="0.991396427" threshold1="93" threshold2="180" featID="58783" />
	<xNode ID="54" leftFit="1" rightFit="0.968102992" threshold1="26" threshold2="33" featID="59819" />
	<xNode ID="27" leftFit="0.999514759" rightFit="0.557123601" threshold1="16" threshold2="135" featID="3975" />
	<xNode ID="3" leftFit="0.907505929" rightFit="-0.381607622" threshold1="57" threshold2="138" featID="4343" />
	<xNode ID="14" leftFit="-0.356936514" rightFit="0.936683536" threshold1="113" threshold2="161" featID="4082" />
	<xNode ID="29" leftFit="1" rightFit="0.706953287" threshold1="102" threshold2="122" featID="79795" />
	<xNode ID="7" leftFit="0.516479969" rightFit="-0.81855911" threshold1="120" threshold2="135" featID="7410" />
	<xNode ID="15" leftFit="0.185689405" rightFit="-0.929241598" threshold1="0" threshold2="138" featID="4338" />
</Tree>
<Tree ID="9" threshold="-7.40923738">
	<xNode ID="4" leftFit="-0.00646848232" rightFit="-0.905917943" threshold1="33" threshold2="181" featID="7410" />
	<xNode ID="18" leftFit="-0.640690625" rightFit="-0.96831429" threshold1="94" threshold2="153" featID="69930" />
	<xNode ID="37" leftFit="-0.86254859" rightFit="-0.986068845" threshold1="101" threshold2="155" featID="69362" />
	<xNode ID="150" leftFit="-1" rightFit="-0.986911237" threshold1="119" threshold2="147" featID="12295" />
	<xNode ID="75" leftFit="-0.996174932" rightFit="-0.946462989" threshold1="131" threshold2="165" featID="48479" />
	<xNode ID="9" leftFit="-0.937379777" rightFit="-0.313480377" threshold1="125" threshold2="142" featID="54287" />
	<xNode ID="2" leftFit="-0.863342941" rightFit="0.0364525877" threshold1="114" threshold2="146" featID="54736" />
	<xNode ID="10" leftFit="-0.466592342" rightFit="0.914311945" threshold1="115" threshold2="188" featID="47514" />
	<xNode ID="21" leftFit="0.201034933" rightFit="0.980635703" threshold1="98" threshold2="189" featID="44239" />
	<xNode ID="43" leftFit="1" rightFit="0.712853253" threshold1="126" threshold2="132" featID="78773" />
	<xNode ID="5" leftFit="0.639995158" rightFit="-0.586033046" threshold1="121" threshold2="137" featID="50880" />
	<xNode ID="22" leftFit="-0.328784853" rightFit="0.980704784" threshold1="122" threshold2="152" featID="49536" />
	<xNode ID="45" leftFit="0.949274659" rightFit="1" threshold1="8" threshold2="129" featID="79799" />
	<xNode ID="11" leftFit="0.349428177" rightFit="-0.86995405" threshold1="122" threshold2="135" featID="51359" />
	<xNode ID="23" leftFit="-0.338017076" rightFit="-0.963815033" threshold1="0" threshold2="133" featID="49668" />
	<xNode ID="1" leftFit="-0.477932066" rightFit="0.7426911" threshold1="171" threshold2="254" featID="3563" />
	<xNode ID="6" leftFit="-0.817782521" rightFit="0.869180024" threshold1="1" threshold2="94" featID="63871" />
	<xNode ID="3" leftFit="-0.530724823" rightFit="0.955250978" threshold1="111" threshold2="143" featID="3574" />
	<xNode ID="14" leftFit="1" rightFit="0.605376065" threshold1="0" threshold2="86" featID="49836" />
	<xNode ID="7" leftFit="0.992147446" rightFit="-0.132992476" threshold1="0" threshold2="151" featID="10803" />
</Tree>
<Tree ID="10" threshold="-6.10476875">
	<xNode ID="2" leftFit="0.641823351" rightFit="-0.94166398" threshold1="92" threshold2="166" featID="55490" />
	<xNode ID="20" leftFit="-0.827286124" rightFit="-0.997153997" threshold1="70" threshold2="142" featID="69930" />
	<xNode ID="41" leftFit="-0.908774078" rightFit="-0.99919349" threshold1="119" threshold2="179" featID="72297" />
	<xNode ID="83" leftFit="-0.976409674" rightFit="-0.999927223" threshold1="67" threshold2="151" featID="72902" />
	<xNode ID="167" leftFit="-0.996849298" rightFit="-1" threshold1="28" threshold2="184" featID="14635" />
	<xNode ID="10" leftFit="-0.993054271" rightFit="-0.460174471" threshold1="119" threshold2="127" featID="48943" />
	<xNode ID="5" leftFit="-0.978251934" rightFit="-0.075463526" threshold1="117" threshold2="132" featID="18495" />
	<xNode ID="1" leftFit="-0.795118332" rightFit="0.609564364" threshold1="116" threshold2="153" featID="7429" />
	<xNode ID="3" leftFit="-0.880421817" rightFit="0.795079112" threshold1="94" threshold2="166" featID="62983" />
	<xNode ID="14" leftFit="-0.698320448" rightFit="0.936073065" threshold1="104" threshold2="233" featID="78958" />
	<xNode ID="29" leftFit="-0.112147033" rightFit="0.964824677" threshold1="96" threshold2="169" featID="15199" />
	<xNode ID="236" leftFit="0.914426088" rightFit="0.997962058" threshold1="122" threshold2="154" featID="40759" />
	<xNode ID="118" leftFit="0.991212845" rightFit="0.671916187" threshold1="102" threshold2="128" featID="15208" />
	<xNode ID="59" leftFit="0.981244981" rightFit="0.341799349" threshold1="123" threshold2="130" featID="8936" />
	<xNode ID="7" leftFit="0.893076003" rightFit="-0.496306419" threshold1="128" threshold2="136" featID="76232" />
</Tree>
<Tree ID="11" threshold="-5.10847425">
	<xNode ID="16" leftFit="-0.992593586" rightFit="-1" threshold1="31" threshold2="176" featID="58833" />
	<xNode ID="8" leftFit="-0.999350905" rightFit="-0.958166957" threshold1="114" threshold2="152" featID="53688" />
	<xNode ID="4" leftFit="-0.99650085" rightFit="-0.767818689" threshold1="146" threshold2="254" featID="71674" />
	<xNode ID="2" leftFit="-0.979048729" rightFit="0.205586851" threshold1="127" threshold2="136" featID="58909" />
	<xNode ID="1" leftFit="-0.880701125" rightFit="0.410230309" threshold1="113" threshold2="155" featID="60709" />
	<xNode ID="6" leftFit="-0.70862931" rightFit="0.820641458" threshold1="94" threshold2="227" featID="73532" />
	<xNode ID="52" leftFit="0.389565825" rightFit="0.977528632" threshold1="32" threshold2="146" featID="25590" />
	<xNode ID="210" leftFit="0.996294379" rightFit="0.775964737" threshold1="87" threshold2="124" featID="79175" />
	<xNode ID="105" leftFit="0.990273297" rightFit="0.596173763" threshold1="0" threshold2="116" featID="79609" />
	<xNode ID="26" leftFit="0.948426485" rightFit="0.000862934219" threshold1="124" threshold2="134" featID="29081" />
	<xNode ID="13" leftFit="0.901824296" rightFit="-0.278197855" threshold1="123" threshold2="131" featID="73023" />
	<xNode ID="3" leftFit="0.715479553" rightFit="-0.800507128" threshold1="125" threshold2="131" featID="63149" />
	<xNode ID="7" leftFit="0.120361283" rightFit="-0.979176462" threshold1="116" threshold2="136" featID="75145" />
</Tree>
